Workbook
Name __________a1: #REF!
Name __________a1: #REF!
Name _________a1: #REF!
Name _________a1: #REF!
Name ________a1: #REF!
Name _______a1: #REF!
Name ______a1: #REF!
Name _____a1: #REF!
Name ____a1: #REF!
Name ___a1: #REF!
Name __a1: #REF!
Name _a1: #REF!
Name A_農業_林業: #REF!
Name A_農業_林業: #REF!
Name A_農業_林業: #REF!
Name A_農業_林業: #REF!
Name A_農業_林業: #REF!
Name A_農業_林業: #REF!
Name A_農業_林業: #REF!
Name A_農業_林業: #REF!
Name A_農業_林業: #REF!
Name A_農業_林業: #REF!
Name A_農業_林業: #REF!
Name A_農業_林業: #REF!
Name A_農業_林業: #REF!
Name A_農業_林業: #REF!
Name A_農業_林業: #REF!
Name A_農業_林業: #REF!
Name A_農業_林業: #REF!
Name A_農業_林業: #REF!
Name A_農業_林業: #REF!
Name A_農業_林業: #REF!
Name A_農業_林業: #REF!
Name A_農業_林業: #REF!
Name A_農業_林業: #REF!
Name A_農業_林業: #REF!
Name A_農業_林業: #REF!
Name A_農業_林業: #REF!
Name A_農業_林業: #REF!
Name A_農業_林業: #REF!
Name A_農業_林業: #REF!
Name A_農業_林業: #REF!
Name A_農業_林業: #REF!
Name A_農業_林業: #REF!
Name A_農業_林業: #REF!
Name A_農業_林業: #REF!
Name A_農業_林業: #REF!
Name A_農業_林業: #REF!
Name A_農業_林業: #REF!
Name A_農業_林業: #REF!
Name A_農業_林業: #REF!
Name A_農業_林業: #REF!
Name A_農業_林業: #REF!
Name A_農業_林業: #REF!
Name A_農業_林業: #REF!
Name A_農業_林業: #REF!
Name A_農業_林業: #REF!
Name A_農業_林業: #REF!
Name A_農業_林業: #REF!
Name A_農業_林業: #REF!

Sheet 修正履歴
D1: =E7 -> 2026/12/21
A5: No | B5: Ver. | C5: 修正箇所 | D5: 修正内容 | E5: 更新日時 | F5: 備考
A6: 1 | D6: 社外向けとして再定義 | E6: 2026/3/26
A7: 2 | C7: STEP4開発 | D7: STEP4開発に手追加 | E7: 2026/12/21
A8: 3 | C8: 【step3残対応】 月別建物エネルギー集計情報 | D8: PKを部分ユニーク制約に変更し、供給メニューをユニーク制約に追加する | E8: 2026/9/24

Sheet ER図

Sheet SS2-3-05_テーブル一覧
E1: =修正履歴!E7 -> 2026/12/21
D2: ※STEP3のテーブルはPostgre、Hiveの両方に格納する
A3: テーブル一覧
A5: No | B5: 区分 | C5: 格納先 | D5: テーブル名 | E5: テーブル概要 | F5: 備考
A6: 1 | B6: マスタ | C6: PostgreSQL | D6: ユーザー情報 | E6: システム利用のユーザー情報
A7: =A6+1 -> 2 | B7: トラン | C7: PostgreSQL | D7: 最終ログイン情報 | E7: 最終ログイン日時を管理する情報
A8: =A7+1 -> 3 | B8: トラン | C8: PostgreSQL | D8: セッション情報 | E8: ログイン時のセッションID情報管理する
A9: =A8+1 -> 4 | B9: マスタ | C9: PostgreSQL | D9: 利用者組織情報 | E9: システム利用各ユーザーの所属組織の定義情報
A10: =A9+1 -> 5 | B10: トラン | C10: PostgreSQL | D10: ユーザー別利用状況 | E10: システム利用各ユーザーの操作履歴情報
A11: =A10+1 -> 6 | B11: トラン | C11: PostgreSQL | D11: 操作履歴情報 | E11: 企業別のレポート関連操作履歴情報
A12: =A11+1 -> 7 | B12: トラン | C12: PostgreSQL | D12: お知らせ | E12: システム管理者が登録するお知らせ情報
A13: =A12+1 -> 8 | B13: トラン | C13: PostgreSQL | D13: 30分値の生データ情報 | E13: 電力消費や発電に関する30分単位のデータ情報 | F13: STEP4改修
A14: =A13+1 -> 9 | B14: トラン | C14: PostgreSQL | D14: Scope3集計情報 | E14: 地銀単位にCO2排出量を集計する情報
A15: =A14+1 -> 10 | B15: トラン | C15: PostgreSQL | D15: 可視化事業者ヒアリングデータの生データ情報 | E15: 可視化事業者から取得ヒアリング情報
A16: =A15+1 -> 11 | B16: トラン | C16: PostgreSQL | D16: CN対策実施申込情報 | E16: 入力シートの生データを蓄積するための情報
A17: =A16+1 -> 12 | B17: マスタ | C17: PostgreSQL | D17: 企業基本情報マスタ | E17: CN実施の企業基本情報
A18: =A17+1 -> 13 | B18: マスタ | C18: PostgreSQL | D18: 企業詳細情報マスタ | E18: CN実施の企業詳細情報
A19: =A18+1 -> 14 | B19: トラン | C19: PostgreSQL | D19: 建物情報 | E19: CN実施企業の建物情報
A20: =A19+1 -> 15 | B20: マスタ | C20: PostgreSQL | D20: 建物マスタ | E20: CN実施企業の建物マスタ情報
A21: =A20+1 -> 16 | B21: トラン | C21: PostgreSQL | D21: レポート格納情報 | E21: 生成されているレポートPDFファイルの格納情報
A22: =A21+1 -> 17 | B22: トラン | C22: PostgreSQL | D22: 可視化事業者受領エネルギーの生データ情報（JFS） | E22: JFSから提供されるエネルギー情報
A23: =A22+1 -> 18 | B23: トラン | C23: PostgreSQL | D23: 可視化事業者共通エネルギー格納情報 | E23: 変換処理後の生データ
A24: =A23+1 -> 19 | B24: トラン | C24: PostgreSQL | D24: 欠損一覧情報 | E24: 欠損一覧の情報
A25: =A24+1 -> 20 | B25: トラン | C25: PostgreSQL | D25: KPI一覧情報 | E25: KPI一覧の情報
A26: =A25+1 -> 21 | B26: 共通 | C26: Hive | D26: 日本標準産業分類マスタ | E26: 国が発表する日本産業の分類情報
A27: =A26+1 -> 22 | B27: 共通 | C27: Hive | D27: 活動項目小分類（事業者）マスタ | E27: 活動項目小分類（事業者）の換算係数や排出係数情報 | F27: 換算係数マスタの位置づけ
A28: =A27+1 -> 23 | B28: マスタ | C28: PostgreSQL | D28: 電力会社排出係数マスタ | E28: 国が発表する電力会社のCO2排出係数情報 | F28: 電気事業者調整後排出係数マスタ
A29: =A28+1 -> 24 | B29: マスタ | C29: PostgreSQL | D29: エリア情報マスタ | E29: CN実施企業の建物群情報
A30: =A29+1 -> 25 | B30: マスタ | C30: PostgreSQL | D30: 建物グループマスタ | E30: CN実施企業のグループ情報
A31: =A30+1 -> 26 | B31: トラン | C31: PostgreSQL | D31: 年度別建物エネルギー集計情報 | E31: 年度別の建物毎のエネルギー利用情報
A32: =A31+1 -> 27 | B32: トラン | C32: PostgreSQL | D32: 年度別法人エネルギー集計情報 | E32: 年度別の法人毎のエネルギー利用情報
A33: =A32+1 -> 28 | B33: トラン | C33: PostgreSQL | D33: 月別建物エネルギー集計情報 | E33: 月別の建物毎のエネルギー利用情報
A34: =A33+1 -> 29 | B34: トラン | C34: PostgreSQL | D34: 月別法人エネルギー集計情報 | E34: 月別の法人毎のエネルギー利用情報
A35: =A34+1 -> 30 | B35: マスタ | C35: PostgreSQL | D35: 算定ロジックマスタ | E35: マスタデータの係数に依存されている算定ロジックを管理する
A36: =A35+1 -> 31 | B36: トラン | C36: PostgreSQL | D36: CNレポート情報 | E36: CNレポートを表示するための計算結果情報
A37: =A36+1 -> 32 | B37: トラン | C37: PostgreSQL | D37: 電力使用状況見える化レポート | E37: 電力使用状況見える化レポートを表示するための計算結果情報
A38: =A37+1 -> 33 | B38: マスタ | C38: PostgreSQL | D38: 法人コード情報マスタ | E38: 共通用コードマスタ情報
A39: =A38+1 -> 34 | B39: トラン | C39: PostgreSQL | D39: フォーマット格納情報 | E39: 各種フォーマット出力画面でダウンロードする各種ファイル
A40: =A39+1 -> 35 | B40: マスタ | C40: PostgreSQL | D40: 公表ベンチマークデータ情報 | E40: 公表ベンチマークデータ情報
... A45: =A44+1 -> 40 | B45: マスタ | C45: PostgreSQL | D45: 組織権限情報 | E45: 組織別画面に対する権限情報
A46: =A45+1 -> 41 | B46: マスタ | C46: PostgreSQL | D46: 都市ガス供給事業者別単位発熱量マスタ
A47: =A46+1 -> 42 | B47: マスタ | C47: PostgreSQL | D47: 都市ガス供給事業者マスタ
A48: =A47+1 -> 43 | B48: マスタ | C48: PostgreSQL | D48: 非化石証書定数マスタ
A49: =A48+1 -> 44 | B49: マスタ | C49: PostgreSQL | D49: 熱供給事業者メニュー別マスタ
A50: =A49+1 -> 45 | B50: マスタ | C50: PostgreSQL | D50: 都道府県情報マスタ | E50: 都道府県情報
A51: =A50+1 -> 46 | B51: マスタ | C51: PostgreSQL | D51: CNランキングスナップショット
A52: =A51+1 -> 47 | B52: マスタ | C52: PostgreSQL | D52: レポート作成要求（出力条件・KPI・積み上げ内訳）
A53: =A52+1 -> 48 | B53: マスタ | C53: PostgreSQL | D53: 電力見える化レポートフラグ付けスナップショット
A54: =A53+1 -> 49 | B54: トラン | C54: PostgreSQL | D54: CO2集計レポート管理情報 | E54: CO2集計レポートの検索・ダウンロードにあたっての管理テーブル | F54: STEP4新規追加
A55: =A54+1 -> 50 | B55: トラン | C55: PostgreSQL | D55: 営業担当引継情報 | E55: REP・TCSと金融機関の営業担当引継情報 | F55: STEP4新規追加
A56: =A55+1 -> 51 | B56: トラン | C56: PostgreSQL | D56: ARVEお客さま情報 | E56: ARVEからの顧客データを格納するテーブル | F56: STEP4新規追加
A57: =A56+1 -> 52 | B57: トラン | C57: PostgreSQL | D57: 過去分ARVEお客さま情報 | E57: 過去取得分のARVEからの顧客データを格納するテーブル | F57: STEP4新規追加
A58: =A57+1 -> 53 | B58: トラン | C58: PostgreSQL | D58: 30分値取込管理 | E58: EPデータ参照基盤からのデータ取込状況を管理するテーブル | F58: STEP4新規追加
A59: =A58+1 -> 54 | B59: トラン | C59: PostgreSQL | D59: EPデータ参照基盤30分値 | E59: EPデータ参照基盤からの30分値データを格納するテーブル | F59: STEP4新規追加
A60: =A59+1 -> 55 | B60: トラン | C60: PostgreSQL | D60: EPデータ参照基盤契約電力 | E60: EPデータ参照基盤からの契約電力データを格納するテーブル | F60: STEP4新規追加
A61: =A60+1 -> 56 | B61: トラン | C61: PostgreSQL | D61: 電力見える化レポート管理情報 | E61: 電力見える化レポートの管理テーブル | F61: STEP4新規追加
A62: =A61+1 -> 57 | B62: トラン | C62: PostgreSQL | D62: 担当者別電力見える化レポート管理情報 | E62: 電力見える化レポートのzipファイルの管理テーブル | F62: STEP4新規追加

Sheet SS2-3-04_物理データモデル

Sheet SS2-3-06_テーブル定義書→

Sheet 担当者別電力見える化レポート管理情報
D1: =修正履歴!E7 -> 2026/12/21
A2: テーブル名（日本語） | D2: システム名 | I2: 作成者 | J2: 承認者 | K2: 作成日
A3: 担当者別電力見える化レポート管理情報 | D3: CNレポート作成アプリ「LecMoc」
A4: テーブル名（英語） | D4: スキーマ | I4: 更新者 | J4: 承認者 | K4: 更新日
A5: T_USER_POWER_REPORT_MNG_INFO | D5: DB_CORP
L6: PRIMARY_KEYS
A7: No | B7: 論理名 | C7: 物理名 | D7: 型 | E7: 長さ | F7: 精度 | G7: 必須 | H7: 主キー（PK） | I7: 備考 | L7: ="drop TABLE IF EXISTS db_corp."&A5&" CASCADE;" -> drop TABLE IF EXISTS db_corp.T_USER_POWER_REPORT_MNG_INFO CASCADE;
A8: 1 | B8: ファイルID | C8: FILE_ID | D8: SERIAL | E8: - | F8: - | G8: 〇 | H8: 1 | L8: ="CREATE TABLE IF NOT EXISTS db_corp."&A5&" (" -> CREATE TABLE IF NOT EXISTS db_corp.T_USER_POWER_REPORT_MNG_INFO (
A9: =A8+1 -> 2 | B9: ファイル名 | C9: FILE_NAME | D9: VARCHAR | E9: 255 | F9: - | L9: {=IF(B8="", IF($L$6="PRIMARY_KEYS", ",PRIMARY KEY ("&_xlfn.TEXTJOIN(", ", TRUE, $C$8)&")" & CHAR(10) & ");", ");" ), " "&C8&" "&D8& _xlfn.IFS( E8="-", "", OR(D8="TIMESTAMP", D8="SMALLINT"), E8&IF(F8<>"-", ","&F8, ""), TRUE, "("&E8&IF(F8<>"-", ","&F8, "")&")" )& IF(G8<>"", " NOT NULL", "")& IF(H8<>"", ",", IF(B9<>"", ",", "") )& " -- "&B8 )} -> FILE_ID SERIAL NOT NULL, -- ファイルID
A10: =A9+1 -> 3 | B10: ファイルパス | C10: FILE_PATH | D10: VARCHAR | E10: 255 | F10: - | L10: {=IF(B9="", IF($L$6="PRIMARY_KEYS", ",PRIMARY KEY ("&_xlfn.TEXTJOIN(", ", TRUE, $C$8)&")" & CHAR(10) & ");", ");" ), " "&C9&" "&D9& _xlfn.IFS( E9="-", "", OR(D9="TIMESTAMP", D9="SMALLINT"), E9&IF(F9<>"-", ","&F9, ""), TRUE, "("&E9&IF(F9<>"-", ","&F9, "")&")" )& IF(G9<>"", " NOT NULL", "")& IF(H9<>"", ",", IF(B10<>"", ",", "") )& " -- "&B9 )} -> FILE_NAME VARCHAR(255), -- ファイル名
A11: =A10+1 -> 4 | B11: ファイル作成日時 | C11: FILE_CREATED_AT | D11: TIMESTAMP | E11: - | F11: - | I11: ファイル作成完了日時。YYYYMMDDHHMM | L11: {=IF(B10="", IF($L$6="PRIMARY_KEYS", ",PRIMARY KEY ("&_xlfn.TEXTJOIN(", ", TRUE, $C$8)&")" & CHAR(10) & ");", ");" ), " "&C10&" "&D10& _xlfn.IFS( E10="-", "", OR(D10="TIMESTAMP", D10="SMALLINT"), E10&IF(F10<>"-", ","&F10, ""), TRUE, "("&E10&IF(F10<>"-", ","&F10, "")&")" )& IF(G10<>"", " NOT NULL", "")& IF(H10<>"", ",", IF(B11<>"", ",", "") )& " -- "&B10 )} -> FILE_PATH VARCHAR(255), -- ファイルパス
A12: =A11+1 -> 5 | B12: 作成状態 | C12: CREATE_STATUS | D12: VARCHAR | E12: 1 | F12: - | I12: 1:作成依頼 2:作成中 3:完了4:完了（警告）5:エラー | L12: {=IF(B11="", IF($L$6="PRIMARY_KEYS", ",PRIMARY KEY ("&_xlfn.TEXTJOIN(", ", TRUE, $C$8)&")" & CHAR(10) & ");", ");" ), " "&C11&" "&D11& _xlfn.IFS( E11="-", "", OR(D11="TIMESTAMP", D11="SMALLINT"), E11&IF(F11<>"-", ","&F11, ""), TRUE, "("&E11&IF(F11<>"-", ","&F11, "")&")" )& IF(G11<>"", " NOT NULL", "")& IF(H11<>"", ",", IF(B12<>"", ",", "") )& " -- "&B11 )} -> FILE_CREATED_AT TIMESTAMP, -- ファイル作成日時
A13: =A12+1 -> 6 | B13: 組織ID(FK) | C13: ORG_ID | D13: VARCHAR | E13: 20 | F13: - | G13: 〇 | L13: {=IF(B12="", IF($L$6="PRIMARY_KEYS", ",PRIMARY KEY ("&_xlfn.TEXTJOIN(", ", TRUE, $C$8)&")" & CHAR(10) & ");", ");" ), " "&C12&" "&D12& _xlfn.IFS( E12="-", "", OR(D12="TIMESTAMP", D12="SMALLINT"), E12&IF(F12<>"-", ","&F12, ""), TRUE, "("&E12&IF(F12<>"-", ","&F12, "")&")" )& IF(G12<>"", " NOT NULL", "")& IF(H12<>"", ",", IF(B13<>"", ",", "") )& " -- "&B12 )} -> CREATE_STATUS VARCHAR(1), -- 作成状態
A14: =A13+1 -> 7 | B14: 担当組織 | C14: USER_ORG_NAME | D14: VARCHAR | E14: 1300 | F14: - | G14: 〇 | L14: {=IF(B13="", IF($L$6="PRIMARY_KEYS", ",PRIMARY KEY ("&_xlfn.TEXTJOIN(", ", TRUE, $C$8)&")" & CHAR(10) & ");", ");" ), " "&C13&" "&D13& _xlfn.IFS( E13="-", "", OR(D13="TIMESTAMP", D13="SMALLINT"), E13&IF(F13<>"-", ","&F13, ""), TRUE, "("&E13&IF(F13<>"-", ","&F13, "")&")" )& IF(G13<>"", " NOT NULL", "")& IF(H13<>"", ",", IF(B14<>"", ",", "") )& " -- "&B13 )} -> ORG_ID VARCHAR(20) NOT NULL, -- 組織ID(FK)
A15: =A14+1 -> 8 | B15: 顧客担当者 | C15: SALES_USER_NAME | D15: VARCHAR | E15: 1300 | F15: - | G15: 〇 | L15: {=IF(B14="", IF($L$6="PRIMARY_KEYS", ",PRIMARY KEY ("&_xlfn.TEXTJOIN(", ", TRUE, $C$8)&")" & CHAR(10) & ");", ");" ), " "&C14&" "&D14& _xlfn.IFS( E14="-", "", OR(D14="TIMESTAMP", D14="SMALLINT"), E14&IF(F14<>"-", ","&F14, ""), TRUE, "("&E14&IF(F14<>"-", ","&F14, "")&")" )& IF(G14<>"", " NOT NULL", "")& IF(H14<>"", ",", IF(B15<>"", ",", "") )& " -- "&B14 )} -> USER_ORG_NAME VARCHAR(1300) NOT NULL, -- 担当組織
A16: =A15+1 -> 9 | B16: 対象年月 | C16: TARGET_YEAR_MONTH | D16: VARCHAR | E16: 6 | F16: - | G16: 〇 | L16: {=IF(B15="", IF($L$6="PRIMARY_KEYS", ",PRIMARY KEY ("&_xlfn.TEXTJOIN(", ", TRUE, $C$8)&")" & CHAR(10) & ");", ");" ), " "&C15&" "&D15& _xlfn.IFS( E15="-", "", OR(D15="TIMESTAMP", D15="SMALLINT"), E15&IF(F15<>"-", ","&F15, ""), TRUE, "("&E15&IF(F15<>"-", ","&F15, "")&")" )& IF(G15<>"", " NOT NULL", "")& IF(H15<>"", ",", IF(B16<>"", ",", "") )& " -- "&B15 )} -> SALES_USER_NAME VARCHAR(1300) NOT NULL, -- 顧客担当者
A17: =A16+1 -> 10 | B17: 省エネサポートサービス加入フラグ | C17: SYOUSAPO_FLG | D17: BOOLEAN | E17: - | F17: - | G17: 〇 | I17: デフォルト「FALSE」 | L17: {=IF(B16="", IF($L$6="PRIMARY_KEYS", ",PRIMARY KEY ("&_xlfn.TEXTJOIN(", ", TRUE, $C$8)&")" & CHAR(10) & ");", ");" ), " "&C16&" "&D16& _xlfn.IFS( E16="-", "", OR(D16="TIMESTAMP", D16="SMALLINT"), E16&IF(F16<>"-", ","&F16, ""), TRUE, "("&E16&IF(F16<>"-", ","&F16, "")&")" )& IF(G16<>"", " NOT NULL", "")& IF(H16<>"", ",", IF(B17<>"", ",", "") )& " -- "&B16 )} -> TARGET_YEAR_MONTH VARCHAR(6) NOT NULL, -- 対象年月
A18: =A17+1 -> 11 | B18: 作成者 | C18: CREATED_BY | D18: VARCHAR | E18: 50 | F18: - | G18: 〇 | L18: {=IF(B17="", IF($L$6="PRIMARY_KEYS", ",PRIMARY KEY ("&_xlfn.TEXTJOIN(", ", TRUE, $C$8)&")" & CHAR(10) & ");", ");" ), " "&C17&" "&D17& _xlfn.IFS( E17="-", "", OR(D17="TIMESTAMP", D17="SMALLINT"), E17&IF(F17<>"-", ","&F17, ""), TRUE, "("&E17&IF(F17<>"-", ","&F17, "")&")" )& IF(G17<>"", " NOT NULL", "")& IF(H17<>"", ",", IF(B18<>"", ",", "") )& " -- "&B17 )} -> SYOUSAPO_FLG BOOLEAN NOT NULL, -- 省エネサポートサービス加入フラグ
A19: =A18+1 -> 12 | B19: 作成日時 | C19: CREATED_AT | D19: TIMESTAMP | E19: - | F19: - | G19: 〇 | I19: レコード作成日時 | L19: {=IF(B18="", IF($L$6="PRIMARY_KEYS", ",PRIMARY KEY ("&_xlfn.TEXTJOIN(", ", TRUE, $C$8)&")" & CHAR(10) & ");", ");" ), " "&C18&" "&D18& _xlfn.IFS( E18="-", "", OR(D18="TIMESTAMP", D18="SMALLINT"), E18&IF(F18<>"-", ","&F18, ""), TRUE, "("&E18&IF(F18<>"-", ","&F18, "")&")" )& IF(G18<>"", " NOT NULL", "")& IF(H18<>"", ",", IF(B19<>"", ",", "") )& " -- "&B18 )} -> CREATED_BY VARCHAR(50) NOT NULL, -- 作成者
A20: =A19+1 -> 13 | B20: 更新者 | C20: UPDATED_BY | D20: VARCHAR | E20: 50 | F20: - | L20: {=IF(B19="", IF($L$6="PRIMARY_KEYS", ",PRIMARY KEY ("&_xlfn.TEXTJOIN(", ", TRUE, $C$8)&")" & CHAR(10) & ");", ");" ), " "&C19&" "&D19& _xlfn.IFS( E19="-", "", OR(D19="TIMESTAMP", D19="SMALLINT"), E19&IF(F19<>"-", ","&F19, ""), TRUE, "("&E19&IF(F19<>"-", ","&F19, "")&")" )& IF(G19<>"", " NOT NULL", "")& IF(H19<>"", ",", IF(B20<>"", ",", "") )& " -- "&B19 )} -> CREATED_AT TIMESTAMP NOT NULL, -- 作成日時
A21: =A20+1 -> 14 | B21: 更新日時 | C21: UPDATED_AT | D21: TIMESTAMP | E21: - | F21: - | I21: レコード更新日時 | L21: {=IF(B20="", IF($L$6="PRIMARY_KEYS", ",PRIMARY KEY ("&_xlfn.TEXTJOIN(", ", TRUE, $C$8)&")" & CHAR(10) & ");", ");" ), " "&C20&" "&D20& _xlfn.IFS( E20="-", "", OR(D20="TIMESTAMP", D20="SMALLINT"), E20&IF(F20<>"-", ","&F20, ""), TRUE, "("&E20&IF(F20<>"-", ","&F20, "")&")" )& IF(G20<>"", " NOT NULL", "")& IF(H20<>"", ",", IF(B21<>"", ",", "") )& " -- "&B20 )} -> UPDATED_BY VARCHAR(50), -- 更新者
L22: {=IF(B21="", IF($L$6="PRIMARY_KEYS", ",PRIMARY KEY ("&_xlfn.TEXTJOIN(", ", TRUE, $C$8)&")" & CHAR(10) & ");", ");" ), " "&C21&" "&D21& _xlfn.IFS( E21="-", "", OR(D21="TIMESTAMP", D21="SMALLINT"), E21&IF(F21<>"-", ","&F21, ""), TRUE, "("&E21&IF(F21<>"-", ","&F21, "")&")" )& IF(G21<>"", " NOT NULL", "")& IF(H21<>"", ",", IF(B22<>"", ",", "") )& " -- "&B21 )} -> UPDATED_AT TIMESTAMP -- 更新日時
L23: {=IF(B22="", IF($L$6="PRIMARY_KEYS", ",PRIMARY KEY ("&_xlfn.TEXTJOIN(", ", TRUE, $C$8)&")" & CHAR(10) & ");", ");" ), " "&C22&" "&D22& _xlfn.IFS( E22="-", "", OR(D22="TIMESTAMP", D22="SMALLINT"), E22&IF(F22<>"-", ","&F22, ""), TRUE, "("&E22&IF(F22<>"-", ","&F22, "")&")" )& IF(G22<>"", " NOT NULL", "")& IF(H22<>"", ",", IF(B23<>"", ",", "") )& " -- "&B22 )} -> ,PRIMARY KEY (FILE_ID) );
L25: ="COMMENT ON TABLE db_corp." & A5 & " IS '" & A3 & "';" -> COMMENT ON TABLE db_corp.T_USER_POWER_REPORT_MNG_INFO IS '担当者別電力見える化レポート管理情報';
L26: ="COMMENT ON COLUMN db_corp." & $A$5&"."&C8&" IS '" &B8&"';" -> COMMENT ON COLUMN db_corp.T_USER_POWER_REPORT_MNG_INFO.FILE_ID IS 'ファイルID';
L27: ="COMMENT ON COLUMN db_corp." & $A$5&"."&C9&" IS '" &B9&"';" -> COMMENT ON COLUMN db_corp.T_USER_POWER_REPORT_MNG_INFO.FILE_NAME IS 'ファイル名';
L28: ="COMMENT ON COLUMN db_corp." & $A$5&"."&C10&" IS '" &B10&"';" -> COMMENT ON COLUMN db_corp.T_USER_POWER_REPORT_MNG_INFO.FILE_PATH IS 'ファイルパス';
L29: ="COMMENT ON COLUMN db_corp." & $A$5&"."&C11&" IS '" &B11&"';" -> COMMENT ON COLUMN db_corp.T_USER_POWER_REPORT_MNG_INFO.FILE_CREATED_AT IS 'ファイル作成日時';
L30: ="COMMENT ON COLUMN db_corp." & $A$5&"."&C12&" IS '" &B12&"';" -> COMMENT ON COLUMN db_corp.T_USER_POWER_REPORT_MNG_INFO.CREATE_STATUS IS '作成状態';
L31: ="COMMENT ON COLUMN db_corp." & $A$5&"."&C13&" IS '" &B13&"';" -> COMMENT ON COLUMN db_corp.T_USER_POWER_REPORT_MNG_INFO.ORG_ID IS '組織ID(FK)';
L32: ="COMMENT ON COLUMN db_corp." & $A$5&"."&C14&" IS '" &B14&"';" -> COMMENT ON COLUMN db_corp.T_USER_POWER_REPORT_MNG_INFO.USER_ORG_NAME IS '担当組織';
L33: ="COMMENT ON COLUMN db_corp." & $A$5&"."&C15&" IS '" &B15&"';" -> COMMENT ON COLUMN db_corp.T_USER_POWER_REPORT_MNG_INFO.SALES_USER_NAME IS '顧客担当者';
L34: ="COMMENT ON COLUMN db_corp." & $A$5&"."&C16&" IS '" &B16&"';" -> COMMENT ON COLUMN db_corp.T_USER_POWER_REPORT_MNG_INFO.TARGET_YEAR_MONTH IS '対象年月';
L35: ="COMMENT ON COLUMN db_corp." & $A$5&"."&C17&" IS '" &B17&"';" -> COMMENT ON COLUMN db_corp.T_USER_POWER_REPORT_MNG_INFO.SYOUSAPO_FLG IS '省エネサポートサービス加入フラグ';
L36: ="COMMENT ON COLUMN db_corp." & $A$5&"."&C18&" IS '" &B18&"';" -> COMMENT ON COLUMN db_corp.T_USER_POWER_REPORT_MNG_INFO.CREATED_BY IS '作成者';
L37: ="COMMENT ON COLUMN db_corp." & $A$5&"."&C19&" IS '" &B19&"';" -> COMMENT ON COLUMN db_corp.T_USER_POWER_REPORT_MNG_INFO.CREATED_AT IS '作成日時';
... L39: ="COMMENT ON COLUMN db_corp." & $A$5&"."&C21&" IS '" &B21&"';" -> COMMENT ON COLUMN db_corp.T_USER_POWER_REPORT_MNG_INFO.UPDATED_AT IS '更新日時';

Sheet 電力見える化レポート管理情報
D1: =修正履歴!E7 -> 2026/12/21
A2: テーブル名（日本語） | D2: システム名 | I2: 作成者 | J2: 承認者 | K2: 作成日
A3: 電力見える化レポート管理情報 | D3: CNレポート作成アプリ「LecMoc」
A4: テーブル名（英語） | D4: スキーマ | I4: 更新者 | J4: 承認者 | K4: 更新日
A5: T_POWER_REPORT_MNG_INFO | D5: DB_CORP
L6: PRIMARY_KEYS
A7: No | B7: 論理名 | C7: 物理名 | D7: 型 | E7: 長さ | F7: 精度 | G7: 必須 | H7: 主キー（PK） | I7: 備考 | L7: ="drop TABLE IF EXISTS db_corp."&A5&" CASCADE;" -> drop TABLE IF EXISTS db_corp.T_POWER_REPORT_MNG_INFO CASCADE;
A8: 1 | B8: 供給地点特定番号(FK) | C8: SUPPLY_POINT_NUMBER | D8: VARCHAR | E8: 27 | F8: - | G8: 〇 | H8: 1 | L8: ="CREATE TABLE IF NOT EXISTS db_corp."&A5&" (" -> CREATE TABLE IF NOT EXISTS db_corp.T_POWER_REPORT_MNG_INFO (
A9: =A8+1 -> 2 | B9: 対象年月 | C9: TARGET_YEAR_MONTH | D9: VARCHAR | E9: 6 | F9: - | G9: 〇 | H9: 2 | L9: {=IF(B8="", IF($L$6="PRIMARY_KEYS", ",PRIMARY KEY ("&_xlfn.TEXTJOIN(", ", TRUE, $C$8)&")" & CHAR(10) & ");", ");" ), " "&C8&" "&D8& _xlfn.IFS( E8="-", "", OR(D8="TIMESTAMP", D8="SMALLINT"), E8&IF(F8<>"-", ","&F8, ""), TRUE, "("&E8&IF(F8<>"-", ","&F8, "")&")" )& IF(G8<>"", " NOT NULL", "")& IF(H8<>"", ",", IF(B9<>"", ",", "") )& " -- "&B8 )} -> SUPPLY_POINT_NUMBER VARCHAR(27) NOT NULL, -- 供給地点特定番号(FK)
A10: =A9+1 -> 3 | B10: 企業ID | C10: COMPANY_ID | D10: VARCHAR | E10: 14 | F10: - | L10: {=IF(B9="", IF($L$6="PRIMARY_KEYS", ",PRIMARY KEY ("&_xlfn.TEXTJOIN(", ", TRUE, $C$8)&")" & CHAR(10) & ");", ");" ), " "&C9&" "&D9& _xlfn.IFS( E9="-", "", OR(D9="TIMESTAMP", D9="SMALLINT"), E9&IF(F9<>"-", ","&F9, ""), TRUE, "("&E9&IF(F9<>"-", ","&F9, "")&")" )& IF(G9<>"", " NOT NULL", "")& IF(H9<>"", ",", IF(B10<>"", ",", "") )& " -- "&B9 )} -> TARGET_YEAR_MONTH VARCHAR(6) NOT NULL, -- 対象年月
A11: =A10+1 -> 4 | B11: 省エネサポートサービス加入フラグ | C11: SYOUSAPO_FLG | D11: BOOLEAN | E11: - | F11: - | G11: 〇 | I11: デフォルト「FALSE」 | L11: {=IF(B10="", IF($L$6="PRIMARY_KEYS", ",PRIMARY KEY ("&_xlfn.TEXTJOIN(", ", TRUE, $C$8)&")" & CHAR(10) & ");", ");" ), " "&C10&" "&D10& _xlfn.IFS( E10="-", "", OR(D10="TIMESTAMP", D10="SMALLINT"), E10&IF(F10<>"-", ","&F10, ""), TRUE, "("&E10&IF(F10<>"-", ","&F10, "")&")" )& IF(G10<>"", " NOT NULL", "")& IF(H10<>"", ",", IF(B11<>"", ",", "") )& " -- "&B10 )} -> COMPANY_ID VARCHAR(14), -- 企業ID
A12: =A11+1 -> 5 | B12: ファイル名 | C12: FILE_NAME | D12: VARCHAR | E12: 255 | F12: - | L12: {=IF(B11="", IF($L$6="PRIMARY_KEYS", ",PRIMARY KEY ("&_xlfn.TEXTJOIN(", ", TRUE, $C$8)&")" & CHAR(10) & ");", ");" ), " "&C11&" "&D11& _xlfn.IFS( E11="-", "", OR(D11="TIMESTAMP", D11="SMALLINT"), E11&IF(F11<>"-", ","&F11, ""), TRUE, "("&E11&IF(F11<>"-", ","&F11, "")&")" )& IF(G11<>"", " NOT NULL", "")& IF(H11<>"", ",", IF(B12<>"", ",", "") )& " -- "&B11 )} -> SYOUSAPO_FLG BOOLEAN NOT NULL, -- 省エネサポートサービス加入フラグ
A13: =A12+1 -> 6 | B13: レポート作成年月日 | C13: REPORT_CREATED_AT | D13: TIMESTAMP | E13: - | F13: - | L13: {=IF(B12="", IF($L$6="PRIMARY_KEYS", ",PRIMARY KEY ("&_xlfn.TEXTJOIN(", ", TRUE, $C$8)&")" & CHAR(10) & ");", ");" ), " "&C12&" "&D12& _xlfn.IFS( E12="-", "", OR(D12="TIMESTAMP", D12="SMALLINT"), E12&IF(F12<>"-", ","&F12, ""), TRUE, "("&E12&IF(F12<>"-", ","&F12, "")&")" )& IF(G12<>"", " NOT NULL", "")& IF(H12<>"", ",", IF(B13<>"", ",", "") )& " -- "&B12 )} -> FILE_NAME VARCHAR(255), -- ファイル名
A14: =A13+1 -> 7 | B14: 作成状態 | C14: CREATE_STATUS | D14: VARCHAR | E14: 1 | F14: - | G14: 〇 | I14: 1:作成依頼 2:作成中 3:完了4:完了（警告）5:エラー | L14: {=IF(B13="", IF($L$6="PRIMARY_KEYS", ",PRIMARY KEY ("&_xlfn.TEXTJOIN(", ", TRUE, $C$8)&")" & CHAR(10) & ");", ");" ), " "&C13&" "&D13& _xlfn.IFS( E13="-", "", OR(D13="TIMESTAMP", D13="SMALLINT"), E13&IF(F13<>"-", ","&F13, ""), TRUE, "("&E13&IF(F13<>"-", ","&F13, "")&")" )& IF(G13<>"", " NOT NULL", "")& IF(H13<>"", ",", IF(B14<>"", ",", "") )& " -- "&B13 )} -> REPORT_CREATED_AT TIMESTAMP, -- レポート作成年月日
A15: =A14+1 -> 8 | B15: エラーメッセージ | C15: ERROR_MESSAGE | D15: VARCHAR | E15: 100 | F15: - | L15: {=IF(B14="", IF($L$6="PRIMARY_KEYS", ",PRIMARY KEY ("&_xlfn.TEXTJOIN(", ", TRUE, $C$8)&")" & CHAR(10) & ");", ");" ), " "&C14&" "&D14& _xlfn.IFS( E14="-", "", OR(D14="TIMESTAMP", D14="SMALLINT"), E14&IF(F14<>"-", ","&F14, ""), TRUE, "("&E14&IF(F14<>"-", ","&F14, "")&")" )& IF(G14<>"", " NOT NULL", "")& IF(H14<>"", ",", IF(B15<>"", ",", "") )& " -- "&B14 )} -> CREATE_STATUS VARCHAR(1) NOT NULL, -- 作成状態
A16: =A15+1 -> 9 | B16: ファイルパス | C16: FILE_PATH | D16: VARCHAR | E16: 255 | F16: - | L16: {=IF(B15="", IF($L$6="PRIMARY_KEYS", ",PRIMARY KEY ("&_xlfn.TEXTJOIN(", ", TRUE, $C$8)&")" & CHAR(10) & ");", ");" ), " "&C15&" "&D15& _xlfn.IFS( E15="-", "", OR(D15="TIMESTAMP", D15="SMALLINT"), E15&IF(F15<>"-", ","&F15, ""), TRUE, "("&E15&IF(F15<>"-", ","&F15, "")&")" )& IF(G15<>"", " NOT NULL", "")& IF(H15<>"", ",", IF(B16<>"", ",", "") )& " -- "&B15 )} -> ERROR_MESSAGE VARCHAR(100), -- エラーメッセージ
A17: =A16+1 -> 10 | B17: 作成者 | C17: CREATED_BY | D17: VARCHAR | E17: 50 | F17: - | G17: 〇 | L17: {=IF(B16="", IF($L$6="PRIMARY_KEYS", ",PRIMARY KEY ("&_xlfn.TEXTJOIN(", ", TRUE, $C$8)&")" & CHAR(10) & ");", ");" ), " "&C16&" "&D16& _xlfn.IFS( E16="-", "", OR(D16="TIMESTAMP", D16="SMALLINT"), E16&IF(F16<>"-", ","&F16, ""), TRUE, "("&E16&IF(F16<>"-", ","&F16, "")&")" )& IF(G16<>"", " NOT NULL", "")& IF(H16<>"", ",", IF(B17<>"", ",", "") )& " -- "&B16 )} -> FILE_PATH VARCHAR(255), -- ファイルパス
A18: =A17+1 -> 11 | B18: 作成日時 | C18: CREATED_AT | D18: TIMESTAMP | E18: - | F18: - | G18: 〇 | I18: レコード作成日時 | L18: {=IF(B17="", IF($L$6="PRIMARY_KEYS", ",PRIMARY KEY ("&_xlfn.TEXTJOIN(", ", TRUE, $C$8)&")" & CHAR(10) & ");", ");" ), " "&C17&" "&D17& _xlfn.IFS( E17="-", "", OR(D17="TIMESTAMP", D17="SMALLINT"), E17&IF(F17<>"-", ","&F17, ""), TRUE, "("&E17&IF(F17<>"-", ","&F17, "")&")" )& IF(G17<>"", " NOT NULL", "")& IF(H17<>"", ",", IF(B18<>"", ",", "") )& " -- "&B17 )} -> CREATED_BY VARCHAR(50) NOT NULL, -- 作成者
A19: =A18+1 -> 12 | B19: 更新者 | C19: UPDATED_BY | D19: VARCHAR | E19: 50 | F19: - | L19: {=IF(B18="", IF($L$6="PRIMARY_KEYS", ",PRIMARY KEY ("&_xlfn.TEXTJOIN(", ", TRUE, $C$8)&")" & CHAR(10) & ");", ");" ), " "&C18&" "&D18& _xlfn.IFS( E18="-", "", OR(D18="TIMESTAMP", D18="SMALLINT"), E18&IF(F18<>"-", ","&F18, ""), TRUE, "("&E18&IF(F18<>"-", ","&F18, "")&")" )& IF(G18<>"", " NOT NULL", "")& IF(H18<>"", ",", IF(B19<>"", ",", "") )& " -- "&B18 )} -> CREATED_AT TIMESTAMP NOT NULL, -- 作成日時
A20: =A19+1 -> 13 | B20: 更新日時 | C20: UPDATED_AT | D20: TIMESTAMP | E20: - | F20: - | I20: レコード更新日時 | L20: {=IF(B19="", IF($L$6="PRIMARY_KEYS", ",PRIMARY KEY ("&_xlfn.TEXTJOIN(", ", TRUE, $C$8)&")" & CHAR(10) & ");", ");" ), " "&C19&" "&D19& _xlfn.IFS( E19="-", "", OR(D19="TIMESTAMP", D19="SMALLINT"), E19&IF(F19<>"-", ","&F19, ""), TRUE, "("&E19&IF(F19<>"-", ","&F19, "")&")" )& IF(G19<>"", " NOT NULL", "")& IF(H19<>"", ",", IF(B20<>"", ",", "") )& " -- "&B19 )} -> UPDATED_BY VARCHAR(50), -- 更新者
L21: {=IF(B20="", IF($L$6="PRIMARY_KEYS", ",PRIMARY KEY ("&_xlfn.TEXTJOIN(", ", TRUE, $C$8)&")" & CHAR(10) & ");", ");" ), " "&C20&" "&D20& _xlfn.IFS( E20="-", "", OR(D20="TIMESTAMP", D20="SMALLINT"), E20&IF(F20<>"-", ","&F20, ""), TRUE, "("&E20&IF(F20<>"-", ","&F20, "")&")" )& IF(G20<>"", " NOT NULL", "")& IF(H20<>"", ",", IF(B21<>"", ",", "") )& " -- "&B20 )} -> UPDATED_AT TIMESTAMP -- 更新日時
L22: {=IF(B21="", IF($L$6="PRIMARY_KEYS", ",PRIMARY KEY ("&_xlfn.TEXTJOIN(", ", TRUE, $C$8)&")" & CHAR(10) & ");", ");" ), " "&C21&" "&D21& _xlfn.IFS( E21="-", "", OR(D21="TIMESTAMP", D21="SMALLINT"), E21&IF(F21<>"-", ","&F21, ""), TRUE, "("&E21&IF(F21<>"-", ","&F21, "")&")" )& IF(G21<>"", " NOT NULL", "")& IF(H21<>"", ",", IF(B22<>"", ",", "") )& " -- "&B21 )} -> ,PRIMARY KEY (SUPPLY_POINT_NUMBER) );
L25: ="COMMENT ON TABLE db_corp." & A5 & " IS '" & A3 & "';" -> COMMENT ON TABLE db_corp.T_POWER_REPORT_MNG_INFO IS '電力見える化レポート管理情報';
L26: ="COMMENT ON COLUMN db_corp." & $A$5&"."&C8&" IS '" &B8&"';" -> COMMENT ON COLUMN db_corp.T_POWER_REPORT_MNG_INFO.SUPPLY_POINT_NUMBER IS '供給地点特定番号(FK)';
L27: ="COMMENT ON COLUMN db_corp." & $A$5&"."&C9&" IS '" &B9&"';" -> COMMENT ON COLUMN db_corp.T_POWER_REPORT_MNG_INFO.TARGET_YEAR_MONTH IS '対象年月';
L28: ="COMMENT ON COLUMN db_corp." & $A$5&"."&C10&" IS '" &B10&"';" -> COMMENT ON COLUMN db_corp.T_POWER_REPORT_MNG_INFO.COMPANY_ID IS '企業ID';
L29: ="COMMENT ON COLUMN db_corp." & $A$5&"."&C11&" IS '" &B11&"';" -> COMMENT ON COLUMN db_corp.T_POWER_REPORT_MNG_INFO.SYOUSAPO_FLG IS '省エネサポートサービス加入フラグ';
L30: ="COMMENT ON COLUMN db_corp." & $A$5&"."&C12&" IS '" &B12&"';" -> COMMENT ON COLUMN db_corp.T_POWER_REPORT_MNG_INFO.FILE_NAME IS 'ファイル名';
L31: ="COMMENT ON COLUMN db_corp." & $A$5&"."&C13&" IS '" &B13&"';" -> COMMENT ON COLUMN db_corp.T_POWER_REPORT_MNG_INFO.REPORT_CREATED_AT IS 'レポート作成年月日';
L32: ="COMMENT ON COLUMN db_corp." & $A$5&"."&C14&" IS '" &B14&"';" -> COMMENT ON COLUMN db_corp.T_POWER_REPORT_MNG_INFO.CREATE_STATUS IS '作成状態';
L33: ="COMMENT ON COLUMN db_corp." & $A$5&"."&C15&" IS '" &B15&"';" -> COMMENT ON COLUMN db_corp.T_POWER_REPORT_MNG_INFO.ERROR_MESSAGE IS 'エラーメッセージ';
L34: ="COMMENT ON COLUMN db_corp." & $A$5&"."&C16&" IS '" &B16&"';" -> COMMENT ON COLUMN db_corp.T_POWER_REPORT_MNG_INFO.FILE_PATH IS 'ファイルパス';
L35: ="COMMENT ON COLUMN db_corp." & $A$5&"."&C17&" IS '" &B17&"';" -> COMMENT ON COLUMN db_corp.T_POWER_REPORT_MNG_INFO.CREATED_BY IS '作成者';
L36: ="COMMENT ON COLUMN db_corp." & $A$5&"."&C18&" IS '" &B18&"';" -> COMMENT ON COLUMN db_corp.T_POWER_REPORT_MNG_INFO.CREATED_AT IS '作成日時';
L37: ="COMMENT ON COLUMN db_corp." & $A$5&"."&C19&" IS '" &B19&"';" -> COMMENT ON COLUMN db_corp.T_POWER_REPORT_MNG_INFO.UPDATED_BY IS '更新者';
... L40: ="COMMENT ON COLUMN db_corp." & $A$5&"."&C22&" IS '" &B22&"';" -> COMMENT ON COLUMN db_corp.T_POWER_REPORT_MNG_INFO. IS '';

Sheet EPデータ参照基盤契約電力
D1: =修正履歴!E7 -> 2026/12/21
A2: テーブル名（日本語） | D2: システム名 | I2: 作成者 | J2: 承認者 | K2: 作成日
A3: EPデータ参照基盤契約電力 | D3: CNレポート作成アプリ「LecMoc」
A4: テーブル名（英語） | D4: スキーマ | I4: 更新者 | J4: 承認者 | K4: 更新日
A5: T_EP_CONTRACTED_POWER | D5: DB_CORP
A6: EPデータ参照基盤から受領するテーブルのため、項目名および型桁はEPデータ参照基盤に合わせ定義する ※青字のものはそのまま登録する項目 | L6: PRIMARY_KEYS
A7: No | B7: 論理名 | C7: 物理名 | D7: 型 | E7: 長さ | F7: 精度 | G7: 必須 | H7: 主キー（PK） | I7: 備考 | L7: ="drop TABLE IF EXISTS db_corp."&A5&" CASCADE;" -> drop TABLE IF EXISTS db_corp.T_EP_CONTRACTED_POWER CASCADE;
A8: 1 | B8: 供給(受電)地点特定番号 | C8: QSQB_DCIS2_SPL_PT_SPC_NO | D8: VARCHAR | E8: 22 | F8: - | G8: 〇 | H8: 1 | L8: ="CREATE TABLE IF NOT EXISTS db_corp."&A5&" (" -> CREATE TABLE IF NOT EXISTS db_corp.T_EP_CONTRACTED_POWER (
A9: =A8+1 -> 2 | B9: 高圧契約電力(kW) | C9: QSQB_DCIS2_HVPW_CTRT | D9: INTEGER | E9: 10 | F9: 0 | G9: 〇 | L9: {=IF(B8="", IF($L$6="PRIMARY_KEYS", ",PRIMARY KEY ("&_xlfn.TEXTJOIN(", ", TRUE, $C$8)&")" & CHAR(10) & ");", ");" ), " "&C8&" "&D8& _xlfn.IFS( E8="-", "", OR(D8="TIMESTAMP", D8="SMALLINT"), E8&IF(F8<>"-", ","&F8, ""), TRUE, "("&E8&IF(F8<>"-", ","&F8, "")&")" )& IF(G8<>"", " NOT NULL", "")& IF(H8<>"", ",", IF(B9<>"", ",", "") )& " -- "&B8 )} -> QSQB_DCIS2_SPL_PT_SPC_NO VARCHAR(22) NOT NULL, -- 供給(受電)地点特定番号
A10: =A9+1 -> 3 | B10: 作成者 | C10: CREATED_BY | D10: VARCHAR | E10: 50 | F10: - | G10: 〇 | L10: {=IF(B9="", IF($L$6="PRIMARY_KEYS", ",PRIMARY KEY ("&_xlfn.TEXTJOIN(", ", TRUE, $C$8)&")" & CHAR(10) & ");", ");" ), " "&C9&" "&D9& _xlfn.IFS( E9="-", "", OR(D9="TIMESTAMP", D9="SMALLINT"), E9&IF(F9<>"-", ","&F9, ""), TRUE, "("&E9&IF(F9<>"-", ","&F9, "")&")" )& IF(G9<>"", " NOT NULL", "")& IF(H9<>"", ",", IF(B10<>"", ",", "") )& " -- "&B9 )} -> QSQB_DCIS2_HVPW_CTRT INTEGER(10,0) NOT NULL, -- 高圧契約電力(kW)
A11: =A10+1 -> 4 | B11: 作成日時 | C11: CREATED_AT | D11: TIMESTAMP | E11: - | F11: - | G11: 〇 | I11: レコード作成日時 | L11: {=IF(B10="", IF($L$6="PRIMARY_KEYS", ",PRIMARY KEY ("&_xlfn.TEXTJOIN(", ", TRUE, $C$8)&")" & CHAR(10) & ");", ");" ), " "&C10&" "&D10& _xlfn.IFS( E10="-", "", OR(D10="TIMESTAMP", D10="SMALLINT"), E10&IF(F10<>"-", ","&F10, ""), TRUE, "("&E10&IF(F10<>"-", ","&F10, "")&")" )& IF(G10<>"", " NOT NULL", "")& IF(H10<>"", ",", IF(B11<>"", ",", "") )& " -- "&B10 )} -> CREATED_BY VARCHAR(50) NOT NULL, -- 作成者
A12: =A11+1 -> 5 | B12: 更新者 | C12: UPDATED_BY | D12: VARCHAR | E12: 50 | F12: - | L12: {=IF(B11="", IF($L$6="PRIMARY_KEYS", ",PRIMARY KEY ("&_xlfn.TEXTJOIN(", ", TRUE, $C$8)&")" & CHAR(10) & ");", ");" ), " "&C11&" "&D11& _xlfn.IFS( E11="-", "", OR(D11="TIMESTAMP", D11="SMALLINT"), E11&IF(F11<>"-", ","&F11, ""), TRUE, "("&E11&IF(F11<>"-", ","&F11, "")&")" )& IF(G11<>"", " NOT NULL", "")& IF(H11<>"", ",", IF(B12<>"", ",", "") )& " -- "&B11 )} -> CREATED_AT TIMESTAMP NOT NULL, -- 作成日時
A13: =A12+1 -> 6 | B13: 更新日時 | C13: UPDATED_AT | D13: TIMESTAMP | E13: - | F13: - | I13: レコード更新日時 | L13: {=IF(B12="", IF($L$6="PRIMARY_KEYS", ",PRIMARY KEY ("&_xlfn.TEXTJOIN(", ", TRUE, $C$8)&")" & CHAR(10) & ");", ");" ), " "&C12&" "&D12& _xlfn.IFS( E12="-", "", OR(D12="TIMESTAMP", D12="SMALLINT"), E12&IF(F12<>"-", ","&F12, ""), TRUE, "("&E12&IF(F12<>"-", ","&F12, "")&")" )& IF(G12<>"", " NOT NULL", "")& IF(H12<>"", ",", IF(B13<>"", ",", "") )& " -- "&B12 )} -> UPDATED_BY VARCHAR(50), -- 更新者
L14: {=IF(B13="", IF($L$6="PRIMARY_KEYS", ",PRIMARY KEY ("&_xlfn.TEXTJOIN(", ", TRUE, $C$8)&")" & CHAR(10) & ");", ");" ), " "&C13&" "&D13& _xlfn.IFS( E13="-", "", OR(D13="TIMESTAMP", D13="SMALLINT"), E13&IF(F13<>"-", ","&F13, ""), TRUE, "("&E13&IF(F13<>"-", ","&F13, "")&")" )& IF(G13<>"", " NOT NULL", "")& IF(H13<>"", ",", IF(B14<>"", ",", "") )& " -- "&B13 )} -> UPDATED_AT TIMESTAMP -- 更新日時
L15: {=IF(B14="", IF($L$6="PRIMARY_KEYS", ",PRIMARY KEY ("&_xlfn.TEXTJOIN(", ", TRUE, $C$8)&")" & CHAR(10) & ");", ");" ), " "&C14&" "&D14& _xlfn.IFS( E14="-", "", OR(D14="TIMESTAMP", D14="SMALLINT"), E14&IF(F14<>"-", ","&F14, ""), TRUE, "("&E14&IF(F14<>"-", ","&F14, "")&")" )& IF(G14<>"", " NOT NULL", "")& IF(H14<>"", ",", IF(B15<>"", ",", "") )& " -- "&B14 )} -> ,PRIMARY KEY (QSQB_DCIS2_SPL_PT_SPC_NO) );
L17: ="COMMENT ON TABLE db_corp." & A5 & " IS '" & A3 & "';" -> COMMENT ON TABLE db_corp.T_EP_CONTRACTED_POWER IS 'EPデータ参照基盤契約電力';
L18: ="COMMENT ON COLUMN db_corp." & $A$5&"."&C8&" IS '" &B8&"';" -> COMMENT ON COLUMN db_corp.T_EP_CONTRACTED_POWER.QSQB_DCIS2_SPL_PT_SPC_NO IS '供給(受電)地点特定番号';
L19: ="COMMENT ON COLUMN db_corp." & $A$5&"."&C9&" IS '" &B9&"';" -> COMMENT ON COLUMN db_corp.T_EP_CONTRACTED_POWER.QSQB_DCIS2_HVPW_CTRT IS '高圧契約電力(kW)';
L20: ="COMMENT ON COLUMN db_corp." & $A$5&"."&C10&" IS '" &B10&"';" -> COMMENT ON COLUMN db_corp.T_EP_CONTRACTED_POWER.CREATED_BY IS '作成者';
L21: ="COMMENT ON COLUMN db_corp." & $A$5&"."&C11&" IS '" &B11&"';" -> COMMENT ON COLUMN db_corp.T_EP_CONTRACTED_POWER.CREATED_AT IS '作成日時';
L22: ="COMMENT ON COLUMN db_corp." & $A$5&"."&C12&" IS '" &B12&"';" -> COMMENT ON COLUMN db_corp.T_EP_CONTRACTED_POWER.UPDATED_BY IS '更新者';
L23: ="COMMENT ON COLUMN db_corp." & $A$5&"."&C13&" IS '" &B13&"';" -> COMMENT ON COLUMN db_corp.T_EP_CONTRACTED_POWER.UPDATED_AT IS '更新日時';

Sheet EPデータ参照基盤30分値
D1: =修正履歴!E7 -> 2026/12/21
A2: テーブル名（日本語） | D2: システム名 | I2: 作成者 | J2: 承認者 | K2: 作成日
A3: EPデータ参照基盤30分値 | D3: CNレポート作成アプリ「LecMoc」
A4: テーブル名（英語） | D4: スキーマ | I4: 更新者 | J4: 承認者 | K4: 更新日
A5: T_EP_ELECTRICITY_DATA_30MIN | D5: DB_CORP
A6: EPデータ参照基盤から受領するテーブルのため、項目名および型桁はEPデータ参照基盤に合わせ定義する ※青字のものはそのまま登録する項目 | L6: PRIMARY_KEYS
A7: No | B7: 論理名 | C7: 物理名 | D7: 型 | E7: 長さ | F7: 精度 | G7: 必須 | H7: 主キー（PK） | I7: 備考 | L7: ="drop TABLE IF EXISTS db_corp."&A5&" CASCADE;" -> drop TABLE IF EXISTS db_corp.T_EP_ELECTRICITY_DATA_30MIN CASCADE;
A8: 1 | B8: 供給地点特定番号(FK) | C8: T01_KYO_CTN_TOK_NO | D8: VARCHAR | E8: 22 | F8: - | G8: 〇 | H8: 1 | L8: ="CREATE TABLE IF NOT EXISTS db_corp."&A5&" (" -> CREATE TABLE IF NOT EXISTS db_corp.T_EP_ELECTRICITY_DATA_30MIN (
A9: =A8+1 -> 2 | B9: 取得年月日 | C9: T01_GET_YMD | D9: VARCHAR | E9: 8 | F9: - | G9: 〇 | H9: 2 | L9: {=IF(B8="", IF($L$6="PRIMARY_KEYS", ",PRIMARY KEY ("&_xlfn.TEXTJOIN(", ", TRUE, $C$8)&")" & CHAR(10) & ");", ");" ), " "&C8&" "&D8& _xlfn.IFS( E8="-", "", OR(D8="TIMESTAMP", D8="SMALLINT"), E8&IF(F8<>"-", ","&F8, ""), TRUE, "("&E8&IF(F8<>"-", ","&F8, "")&")" )& IF(G8<>"", " NOT NULL", "")& IF(H8<>"", ",", IF(B9<>"", ",", "") )& " -- "&B8 )} -> T01_KYO_CTN_TOK_NO VARCHAR(22) NOT NULL, -- 供給地点特定番号(FK)
A10: =A9+1 -> 3 | B10: 欠測時間帯件数 | C10: T01_KSKJ_KSU | D10: VARCHAR | E10: 2 | F10: - | G10: 〇 | L10: {=IF(B9="", IF($L$6="PRIMARY_KEYS", ",PRIMARY KEY ("&_xlfn.TEXTJOIN(", ", TRUE, $C$8)&")" & CHAR(10) & ");", ");" ), " "&C9&" "&D9& _xlfn.IFS( E9="-", "", OR(D9="TIMESTAMP", D9="SMALLINT"), E9&IF(F9<>"-", ","&F9, ""), TRUE, "("&E9&IF(F9<>"-", ","&F9, "")&")" )& IF(G9<>"", " NOT NULL", "")& IF(H9<>"", ",", IF(B10<>"", ",", "") )& " -- "&B9 )} -> T01_GET_YMD VARCHAR(8) NOT NULL, -- 取得年月日
A11: =A10+1 -> 4 | B11: 不正値時間帯件数 | C11: T01_FSIJ_KSU | D11: VARCHAR | E11: 2 | F11: - | G11: 〇 | L11: {=IF(B10="", IF($L$6="PRIMARY_KEYS", ",PRIMARY KEY ("&_xlfn.TEXTJOIN(", ", TRUE, $C$8)&")" & CHAR(10) & ");", ");" ), " "&C10&" "&D10& _xlfn.IFS( E10="-", "", OR(D10="TIMESTAMP", D10="SMALLINT"), E10&IF(F10<>"-", ","&F10, ""), TRUE, "("&E10&IF(F10<>"-", ","&F10, "")&")" )& IF(G10<>"", " NOT NULL", "")& IF(H10<>"", ",", IF(B11<>"", ",", "") )& " -- "&B10 )} -> T01_KSKJ_KSU VARCHAR(2) NOT NULL, -- 欠測時間帯件数
A12: =A11+1 -> 5 | B12: 30分使用電力量（1） | C12: T01_30T_SYR01 | D12: VARCHAR | E12: 9 | F12: - | G12: 〇 | L12: {=IF(B11="", IF($L$6="PRIMARY_KEYS", ",PRIMARY KEY ("&_xlfn.TEXTJOIN(", ", TRUE, $C$8)&")" & CHAR(10) & ");", ");" ), " "&C11&" "&D11& _xlfn.IFS( E11="-", "", OR(D11="TIMESTAMP", D11="SMALLINT"), E11&IF(F11<>"-", ","&F11, ""), TRUE, "("&E11&IF(F11<>"-", ","&F11, "")&")" )& IF(G11<>"", " NOT NULL", "")& IF(H11<>"", ",", IF(B12<>"", ",", "") )& " -- "&B11 )} -> T01_FSIJ_KSU VARCHAR(2) NOT NULL, -- 不正値時間帯件数
A13: =A12+1 -> 6 | B13: 30分使用電力量（2） | C13: T01_30T_SYR02 | D13: VARCHAR | E13: 9 | F13: - | G13: 〇 | L13: {=IF(B12="", IF($L$6="PRIMARY_KEYS", ",PRIMARY KEY ("&_xlfn.TEXTJOIN(", ", TRUE, $C$8)&")" & CHAR(10) & ");", ");" ), " "&C12&" "&D12& _xlfn.IFS( E12="-", "", OR(D12="TIMESTAMP", D12="SMALLINT"), E12&IF(F12<>"-", ","&F12, ""), TRUE, "("&E12&IF(F12<>"-", ","&F12, "")&")" )& IF(G12<>"", " NOT NULL", "")& IF(H12<>"", ",", IF(B13<>"", ",", "") )& " -- "&B12 )} -> T01_30T_SYR01 VARCHAR(9) NOT NULL, -- 30分使用電力量（1）
A14: =A13+1 -> 7 | B14: 30分使用電力量（3） | C14: T01_30T_SYR03 | D14: VARCHAR | E14: 9 | F14: - | G14: 〇 | L14: {=IF(B13="", IF($L$6="PRIMARY_KEYS", ",PRIMARY KEY ("&_xlfn.TEXTJOIN(", ", TRUE, $C$8)&")" & CHAR(10) & ");", ");" ), " "&C13&" "&D13& _xlfn.IFS( E13="-", "", OR(D13="TIMESTAMP", D13="SMALLINT"), E13&IF(F13<>"-", ","&F13, ""), TRUE, "("&E13&IF(F13<>"-", ","&F13, "")&")" )& IF(G13<>"", " NOT NULL", "")& IF(H13<>"", ",", IF(B14<>"", ",", "") )& " -- "&B13 )} -> T01_30T_SYR02 VARCHAR(9) NOT NULL, -- 30分使用電力量（2）
A15: =A14+1 -> 8 | B15: 30分使用電力量（4） | C15: T01_30T_SYR04 | D15: VARCHAR | E15: 9 | F15: - | G15: 〇 | L15: {=IF(B14="", IF($L$6="PRIMARY_KEYS", ",PRIMARY KEY ("&_xlfn.TEXTJOIN(", ", TRUE, $C$8)&")" & CHAR(10) & ");", ");" ), " "&C14&" "&D14& _xlfn.IFS( E14="-", "", OR(D14="TIMESTAMP", D14="SMALLINT"), E14&IF(F14<>"-", ","&F14, ""), TRUE, "("&E14&IF(F14<>"-", ","&F14, "")&")" )& IF(G14<>"", " NOT NULL", "")& IF(H14<>"", ",", IF(B15<>"", ",", "") )& " -- "&B14 )} -> T01_30T_SYR03 VARCHAR(9) NOT NULL, -- 30分使用電力量（3）
A16: =A15+1 -> 9 | B16: 30分使用電力量（5） | C16: T01_30T_SYR05 | D16: VARCHAR | E16: 9 | F16: - | G16: 〇 | L16: {=IF(B15="", IF($L$6="PRIMARY_KEYS", ",PRIMARY KEY ("&_xlfn.TEXTJOIN(", ", TRUE, $C$8)&")" & CHAR(10) & ");", ");" ), " "&C15&" "&D15& _xlfn.IFS( E15="-", "", OR(D15="TIMESTAMP", D15="SMALLINT"), E15&IF(F15<>"-", ","&F15, ""), TRUE, "("&E15&IF(F15<>"-", ","&F15, "")&")" )& IF(G15<>"", " NOT NULL", "")& IF(H15<>"", ",", IF(B16<>"", ",", "") )& " -- "&B15 )} -> T01_30T_SYR04 VARCHAR(9) NOT NULL, -- 30分使用電力量（4）
A17: =A16+1 -> 10 | B17: 30分使用電力量（6） | C17: T01_30T_SYR06 | D17: VARCHAR | E17: 9 | F17: - | G17: 〇 | L17: {=IF(B16="", IF($L$6="PRIMARY_KEYS", ",PRIMARY KEY ("&_xlfn.TEXTJOIN(", ", TRUE, $C$8)&")" & CHAR(10) & ");", ");" ), " "&C16&" "&D16& _xlfn.IFS( E16="-", "", OR(D16="TIMESTAMP", D16="SMALLINT"), E16&IF(F16<>"-", ","&F16, ""), TRUE, "("&E16&IF(F16<>"-", ","&F16, "")&")" )& IF(G16<>"", " NOT NULL", "")& IF(H16<>"", ",", IF(B17<>"", ",", "") )& " -- "&B16 )} -> T01_30T_SYR05 VARCHAR(9) NOT NULL, -- 30分使用電力量（5）
A18: =A17+1 -> 11 | B18: 30分使用電力量（7） | C18: T01_30T_SYR07 | D18: VARCHAR | E18: 9 | F18: - | G18: 〇 | L18: {=IF(B17="", IF($L$6="PRIMARY_KEYS", ",PRIMARY KEY ("&_xlfn.TEXTJOIN(", ", TRUE, $C$8)&")" & CHAR(10) & ");", ");" ), " "&C17&" "&D17& _xlfn.IFS( E17="-", "", OR(D17="TIMESTAMP", D17="SMALLINT"), E17&IF(F17<>"-", ","&F17, ""), TRUE, "("&E17&IF(F17<>"-", ","&F17, "")&")" )& IF(G17<>"", " NOT NULL", "")& IF(H17<>"", ",", IF(B18<>"", ",", "") )& " -- "&B17 )} -> T01_30T_SYR06 VARCHAR(9) NOT NULL, -- 30分使用電力量（6）
A19: =A18+1 -> 12 | B19: 30分使用電力量（8） | C19: T01_30T_SYR08 | D19: VARCHAR | E19: 9 | F19: - | G19: 〇 | L19: {=IF(B18="", IF($L$6="PRIMARY_KEYS", ",PRIMARY KEY ("&_xlfn.TEXTJOIN(", ", TRUE, $C$8)&")" & CHAR(10) & ");", ");" ), " "&C18&" "&D18& _xlfn.IFS( E18="-", "", OR(D18="TIMESTAMP", D18="SMALLINT"), E18&IF(F18<>"-", ","&F18, ""), TRUE, "("&E18&IF(F18<>"-", ","&F18, "")&")" )& IF(G18<>"", " NOT NULL", "")& IF(H18<>"", ",", IF(B19<>"", ",", "") )& " -- "&B18 )} -> T01_30T_SYR07 VARCHAR(9) NOT NULL, -- 30分使用電力量（7）
A20: =A19+1 -> 13 | B20: 30分使用電力量（9） | C20: T01_30T_SYR09 | D20: VARCHAR | E20: 9 | F20: - | G20: 〇 | L20: {=IF(B19="", IF($L$6="PRIMARY_KEYS", ",PRIMARY KEY ("&_xlfn.TEXTJOIN(", ", TRUE, $C$8)&")" & CHAR(10) & ");", ");" ), " "&C19&" "&D19& _xlfn.IFS( E19="-", "", OR(D19="TIMESTAMP", D19="SMALLINT"), E19&IF(F19<>"-", ","&F19, ""), TRUE, "("&E19&IF(F19<>"-", ","&F19, "")&")" )& IF(G19<>"", " NOT NULL", "")& IF(H19<>"", ",", IF(B20<>"", ",", "") )& " -- "&B19 )} -> T01_30T_SYR08 VARCHAR(9) NOT NULL, -- 30分使用電力量（8）
A21: =A20+1 -> 14 | B21: 30分使用電力量（10） | C21: T01_30T_SYR10 | D21: VARCHAR | E21: 9 | F21: - | G21: 〇 | L21: {=IF(B20="", IF($L$6="PRIMARY_KEYS", ",PRIMARY KEY ("&_xlfn.TEXTJOIN(", ", TRUE, $C$8)&")" & CHAR(10) & ");", ");" ), " "&C20&" "&D20& _xlfn.IFS( E20="-", "", OR(D20="TIMESTAMP", D20="SMALLINT"), E20&IF(F20<>"-", ","&F20, ""), TRUE, "("&E20&IF(F20<>"-", ","&F20, "")&")" )& IF(G20<>"", " NOT NULL", "")& IF(H20<>"", ",", IF(B21<>"", ",", "") )& " -- "&B20 )} -> T01_30T_SYR09 VARCHAR(9) NOT NULL, -- 30分使用電力量（9）
... A60: =A59+1 -> 53 | B60: 作成者 | C60: CREATED_BY | D60: VARCHAR | E60: 50 | F60: - | G60: 〇 | L60: {=IF(B59="", IF($L$6="PRIMARY_KEYS", ",PRIMARY KEY ("&_xlfn.TEXTJOIN(", ", TRUE, $C$8)&")" & CHAR(10) & ");", ");" ), " "&C59&" "&D59& _xlfn.IFS( E59="-", "", OR(D59="TIMESTAMP", D59="SMALLINT"), E59&IF(F59<>"-", ","&F59, ""), TRUE, "("&E59&IF(F59<>"-", ","&F59, "")&")" )& IF(G59<>"", " NOT NULL", "")& IF(H59<>"", ",", IF(B60<>"", ",", "") )& " -- "&B59 )} -> T01_30T_SYR48 VARCHAR(9) NOT NULL, -- 30分使用電力量（48）
A61: =A60+1 -> 54 | B61: 作成日時 | C61: CREATED_AT | D61: TIMESTAMP | E61: - | F61: - | G61: 〇 | I61: レコード作成日時 | L61: {=IF(B60="", IF($L$6="PRIMARY_KEYS", ",PRIMARY KEY ("&_xlfn.TEXTJOIN(", ", TRUE, $C$8)&")" & CHAR(10) & ");", ");" ), " "&C60&" "&D60& _xlfn.IFS( E60="-", "", OR(D60="TIMESTAMP", D60="SMALLINT"), E60&IF(F60<>"-", ","&F60, ""), TRUE, "("&E60&IF(F60<>"-", ","&F60, "")&")" )& IF(G60<>"", " NOT NULL", "")& IF(H60<>"", ",", IF(B61<>"", ",", "") )& " -- "&B60 )} -> CREATED_BY VARCHAR(50) NOT NULL, -- 作成者
A62: =A61+1 -> 55 | B62: 更新者 | C62: UPDATED_BY | D62: VARCHAR | E62: 50 | F62: - | L62: {=IF(B61="", IF($L$6="PRIMARY_KEYS", ",PRIMARY KEY ("&_xlfn.TEXTJOIN(", ", TRUE, $C$8)&")" & CHAR(10) & ");", ");" ), " "&C61&" "&D61& _xlfn.IFS( E61="-", "", OR(D61="TIMESTAMP", D61="SMALLINT"), E61&IF(F61<>"-", ","&F61, ""), TRUE, "("&E61&IF(F61<>"-", ","&F61, "")&")" )& IF(G61<>"", " NOT NULL", "")& IF(H61<>"", ",", IF(B62<>"", ",", "") )& " -- "&B61 )} -> CREATED_AT TIMESTAMP NOT NULL, -- 作成日時
A63: =A62+1 -> 56 | B63: 更新日時 | C63: UPDATED_AT | D63: TIMESTAMP | E63: - | F63: - | I63: レコード更新日時 | L63: {=IF(B62="", IF($L$6="PRIMARY_KEYS", ",PRIMARY KEY ("&_xlfn.TEXTJOIN(", ", TRUE, $C$8)&")" & CHAR(10) & ");", ");" ), " "&C62&" "&D62& _xlfn.IFS( E62="-", "", OR(D62="TIMESTAMP", D62="SMALLINT"), E62&IF(F62<>"-", ","&F62, ""), TRUE, "("&E62&IF(F62<>"-", ","&F62, "")&")" )& IF(G62<>"", " NOT NULL", "")& IF(H62<>"", ",", IF(B63<>"", ",", "") )& " -- "&B62 )} -> UPDATED_BY VARCHAR(50), -- 更新者
L64: {=IF(B63="", IF($L$6="PRIMARY_KEYS", ",PRIMARY KEY ("&_xlfn.TEXTJOIN(", ", TRUE, $C$8)&")" & CHAR(10) & ");", ");" ), " "&C63&" "&D63& _xlfn.IFS( E63="-", "", OR(D63="TIMESTAMP", D63="SMALLINT"), E63&IF(F63<>"-", ","&F63, ""), TRUE, "("&E63&IF(F63<>"-", ","&F63, "")&")" )& IF(G63<>"", " NOT NULL", "")& IF(H63<>"", ",", IF(B64<>"", ",", "") )& " -- "&B63 )} -> UPDATED_AT TIMESTAMP -- 更新日時
L65: {=IF(B64="", IF($L$6="PRIMARY_KEYS", ",PRIMARY KEY ("&_xlfn.TEXTJOIN(", ", TRUE, $C$8, $C$9)&")" & CHAR(10) & ");", ");" ), " "&C64&" "&D64& _xlfn.IFS( E64="-", "", OR(D64="TIMESTAMP", D64="SMALLINT"), E64&IF(F64<>"-", ","&F64, ""), TRUE, "("&E64&IF(F64<>"-", ","&F64, "")&")" )& IF(G64<>"", " NOT NULL", "")& IF(H64<>"", ",", IF(B65<>"", ",", "") )& " -- "&B64 )} -> ,PRIMARY KEY (T01_KYO_CTN_TOK_NO, T01_GET_YMD) );
L67: ="COMMENT ON TABLE db_corp." & $A$5 & " IS '" & $A$3 & "';" -> COMMENT ON TABLE db_corp.T_EP_ELECTRICITY_DATA_30MIN IS 'EPデータ参照基盤30分値';
L68: ="COMMENT ON COLUMN db_corp." & $A$5&"."&C8&" IS '" &B8&"';" -> COMMENT ON COLUMN db_corp.T_EP_ELECTRICITY_DATA_30MIN.T01_KYO_CTN_TOK_NO IS '供給地点特定番号(FK)';
L69: ="COMMENT ON COLUMN db_corp." & $A$5&"."&C9&" IS '" &B9&"';" -> COMMENT ON COLUMN db_corp.T_EP_ELECTRICITY_DATA_30MIN.T01_GET_YMD IS '取得年月日';
L70: ="COMMENT ON COLUMN db_corp." & $A$5&"."&C10&" IS '" &B10&"';" -> COMMENT ON COLUMN db_corp.T_EP_ELECTRICITY_DATA_30MIN.T01_KSKJ_KSU IS '欠測時間帯件数';
L71: ="COMMENT ON COLUMN db_corp." & $A$5&"."&C11&" IS '" &B11&"';" -> COMMENT ON COLUMN db_corp.T_EP_ELECTRICITY_DATA_30MIN.T01_FSIJ_KSU IS '不正値時間帯件数';
L72: ="COMMENT ON COLUMN db_corp." & $A$5&"."&C12&" IS '" &B12&"';" -> COMMENT ON COLUMN db_corp.T_EP_ELECTRICITY_DATA_30MIN.T01_30T_SYR01 IS '30分使用電力量（1）';
L73: ="COMMENT ON COLUMN db_corp." & $A$5&"."&C13&" IS '" &B13&"';" -> COMMENT ON COLUMN db_corp.T_EP_ELECTRICITY_DATA_30MIN.T01_30T_SYR02 IS '30分使用電力量（2）';
L74: ="COMMENT ON COLUMN db_corp." & $A$5&"."&C14&" IS '" &B14&"';" -> COMMENT ON COLUMN db_corp.T_EP_ELECTRICITY_DATA_30MIN.T01_30T_SYR03 IS '30分使用電力量（3）';
L75: ="COMMENT ON COLUMN db_corp." & $A$5&"."&C15&" IS '" &B15&"';" -> COMMENT ON COLUMN db_corp.T_EP_ELECTRICITY_DATA_30MIN.T01_30T_SYR04 IS '30分使用電力量（4）';
L76: ="COMMENT ON COLUMN db_corp." & $A$5&"."&C16&" IS '" &B16&"';" -> COMMENT ON COLUMN db_corp.T_EP_ELECTRICITY_DATA_30MIN.T01_30T_SYR05 IS '30分使用電力量（5）';
L77: ="COMMENT ON COLUMN db_corp." & $A$5&"."&C17&" IS '" &B17&"';" -> COMMENT ON COLUMN db_corp.T_EP_ELECTRICITY_DATA_30MIN.T01_30T_SYR06 IS '30分使用電力量（6）';
L78: ="COMMENT ON COLUMN db_corp." & $A$5&"."&C18&" IS '" &B18&"';" -> COMMENT ON COLUMN db_corp.T_EP_ELECTRICITY_DATA_30MIN.T01_30T_SYR07 IS '30分使用電力量（7）';
L79: ="COMMENT ON COLUMN db_corp." & $A$5&"."&C19&" IS '" &B19&"';" -> COMMENT ON COLUMN db_corp.T_EP_ELECTRICITY_DATA_30MIN.T01_30T_SYR08 IS '30分使用電力量（8）';
... L126: ="COMMENT ON COLUMN db_corp." & $A$5&"."&C66&" IS '" &B66&"';" -> COMMENT ON COLUMN db_corp.T_EP_ELECTRICITY_DATA_30MIN. IS '';

Sheet 30分値取込管理
D1: =修正履歴!E7 -> 2026/12/21
A2: テーブル名（日本語） | D2: システム名 | I2: 作成者 | J2: 承認者 | K2: 作成日
A3: 30分値取込管理 | D3: CNレポート作成アプリ「LecMoc」
A4: テーブル名（英語） | D4: スキーマ | I4: 更新者 | J4: 承認者 | K4: 更新日
A5: T_30MIN_IMPORT_MNG | D5: DB_CORP
L6: PRIMARY_KEYS
A7: No | B7: 論理名 | C7: 物理名 | D7: 型 | E7: 長さ | F7: 精度 | G7: 必須 | H7: 主キー（PK） | I7: 備考 | L7: ="drop TABLE IF EXISTS db_corp."&A5&" CASCADE;" -> drop TABLE IF EXISTS db_corp.T_30MIN_IMPORT_MNG CASCADE;
A8: 1 | B8: 供給地点特定番号(FK) | C8: SUPPLY_POINT_NUMBER | D8: VARCHAR | E8: 22 | F8: - | G8: 〇 | H8: 1 | L8: ="CREATE TABLE IF NOT EXISTS db_corp."&A5&" (" -> CREATE TABLE IF NOT EXISTS db_corp.T_30MIN_IMPORT_MNG (
A9: =A8+1 -> 2 | B9: 対象年月 | C9: TARGET_YEAR_MONTH | D9: VARCHAR | E9: 6 | F9: - | G9: 〇 | H9: 2 | I9: レポート作成対象年月 | L9: {=IF(B8="", IF($L$6="PRIMARY_KEYS", ",PRIMARY KEY ("&_xlfn.TEXTJOIN(", ", TRUE, $C$8)&")" & CHAR(10) & ");", ");" ), " "&C8&" "&D8& _xlfn.IFS( E8="-", "", OR(D8="TIMESTAMP", D8="SMALLINT"), E8&IF(F8<>"-", ","&F8, ""), TRUE, "("&E8&IF(F8<>"-", ","&F8, "")&")" )& IF(G8<>"", " NOT NULL", "")& IF(H8<>"", ",", IF(B9<>"", ",", "") )& " -- "&B8 )} -> SUPPLY_POINT_NUMBER VARCHAR(22) NOT NULL, -- 供給地点特定番号(FK)
A10: =A9+1 -> 3 | B10: 作成状態 | C10: CREATE_STATUS | D10: VARCHAR | E10: 1 | F10: - | G10: 〇 | I10: 1:作成依頼 2:作成中 3:完了4:完了（警告）5:エラー | L10: {=IF(B9="", IF($L$6="PRIMARY_KEYS", ",PRIMARY KEY ("&_xlfn.TEXTJOIN(", ", TRUE, $C$8)&")" & CHAR(10) & ");", ");" ), " "&C9&" "&D9& _xlfn.IFS( E9="-", "", OR(D9="TIMESTAMP", D9="SMALLINT"), E9&IF(F9<>"-", ","&F9, ""), TRUE, "("&E9&IF(F9<>"-", ","&F9, "")&")" )& IF(G9<>"", " NOT NULL", "")& IF(H9<>"", ",", IF(B10<>"", ",", "") )& " -- "&B9 )} -> TARGET_YEAR_MONTH VARCHAR(6) NOT NULL, -- 対象年月
A11: =A10+1 -> 4 | B11: エラーメッセージ | C11: ERROR_MESSAGE | D11: VARCHAR | E11: 100 | F11: - | L11: {=IF(B10="", IF($L$6="PRIMARY_KEYS", ",PRIMARY KEY ("&_xlfn.TEXTJOIN(", ", TRUE, $C$8)&")" & CHAR(10) & ");", ");" ), " "&C10&" "&D10& _xlfn.IFS( E10="-", "", OR(D10="TIMESTAMP", D10="SMALLINT"), E10&IF(F10<>"-", ","&F10, ""), TRUE, "("&E10&IF(F10<>"-", ","&F10, "")&")" )& IF(G10<>"", " NOT NULL", "")& IF(H10<>"", ",", IF(B11<>"", ",", "") )& " -- "&B10 )} -> CREATE_STATUS VARCHAR(1) NOT NULL, -- 作成状態
A12: =A11+1 -> 5 | B12: 紐付けエラーメッセージ | C12: LINKED_ERROR_MESSAGE | D12: VARCHAR | E12: 100 | F12: - | L12: {=IF(B11="", IF($L$6="PRIMARY_KEYS", ",PRIMARY KEY ("&_xlfn.TEXTJOIN(", ", TRUE, $C$8)&")" & CHAR(10) & ");", ");" ), " "&C11&" "&D11& _xlfn.IFS( E11="-", "", OR(D11="TIMESTAMP", D11="SMALLINT"), E11&IF(F11<>"-", ","&F11, ""), TRUE, "("&E11&IF(F11<>"-", ","&F11, "")&")" )& IF(G11<>"", " NOT NULL", "")& IF(H11<>"", ",", IF(B12<>"", ",", "") )& " -- "&B11 )} -> ERROR_MESSAGE VARCHAR(100), -- エラーメッセージ
A13: =A12+1 -> 6 | B13: 紐付け日時 | C13: LINKED_DATE | D13: TIMESTAMP | E13: - | F13: - | L13: {=IF(B12="", IF($L$6="PRIMARY_KEYS", ",PRIMARY KEY ("&_xlfn.TEXTJOIN(", ", TRUE, $C$8)&")" & CHAR(10) & ");", ");" ), " "&C12&" "&D12& _xlfn.IFS( E12="-", "", OR(D12="TIMESTAMP", D12="SMALLINT"), E12&IF(F12<>"-", ","&F12, ""), TRUE, "("&E12&IF(F12<>"-", ","&F12, "")&")" )& IF(G12<>"", " NOT NULL", "")& IF(H12<>"", ",", IF(B13<>"", ",", "") )& " -- "&B12 )} -> LINKED_ERROR_MESSAGE VARCHAR(100), -- 紐付けエラーメッセージ
A14: =A13+1 -> 7 | B14: 作成者 | C14: CREATED_BY | D14: VARCHAR | E14: 50 | F14: - | G14: 〇 | L14: {=IF(B13="", IF($L$6="PRIMARY_KEYS", ",PRIMARY KEY ("&_xlfn.TEXTJOIN(", ", TRUE, $C$8)&")" & CHAR(10) & ");", ");" ), " "&C13&" "&D13& _xlfn.IFS( E13="-", "", OR(D13="TIMESTAMP", D13="SMALLINT"), E13&IF(F13<>"-", ","&F13, ""), TRUE, "("&E13&IF(F13<>"-", ","&F13, "")&")" )& IF(G13<>"", " NOT NULL", "")& IF(H13<>"", ",", IF(B14<>"", ",", "") )& " -- "&B13 )} -> LINKED_DATE TIMESTAMP, -- 紐付け日時
A15: =A14+1 -> 8 | B15: 作成日時 | C15: CREATED_AT | D15: TIMESTAMP | E15: - | F15: - | G15: 〇 | I15: レコード作成日時 | L15: {=IF(B14="", IF($L$6="PRIMARY_KEYS", ",PRIMARY KEY ("&_xlfn.TEXTJOIN(", ", TRUE, $C$8)&")" & CHAR(10) & ");", ");" ), " "&C14&" "&D14& _xlfn.IFS( E14="-", "", OR(D14="TIMESTAMP", D14="SMALLINT"), E14&IF(F14<>"-", ","&F14, ""), TRUE, "("&E14&IF(F14<>"-", ","&F14, "")&")" )& IF(G14<>"", " NOT NULL", "")& IF(H14<>"", ",", IF(B15<>"", ",", "") )& " -- "&B14 )} -> CREATED_BY VARCHAR(50) NOT NULL, -- 作成者
A16: =A15+1 -> 9 | B16: 更新者 | C16: UPDATED_BY | D16: VARCHAR | E16: 50 | F16: - | L16: {=IF(B15="", IF($L$6="PRIMARY_KEYS", ",PRIMARY KEY ("&_xlfn.TEXTJOIN(", ", TRUE, $C$8)&")" & CHAR(10) & ");", ");" ), " "&C15&" "&D15& _xlfn.IFS( E15="-", "", OR(D15="TIMESTAMP", D15="SMALLINT"), E15&IF(F15<>"-", ","&F15, ""), TRUE, "("&E15&IF(F15<>"-", ","&F15, "")&")" )& IF(G15<>"", " NOT NULL", "")& IF(H15<>"", ",", IF(B16<>"", ",", "") )& " -- "&B15 )} -> CREATED_AT TIMESTAMP NOT NULL, -- 作成日時
A17: =A16+1 -> 10 | B17: 更新日時 | C17: UPDATED_AT | D17: TIMESTAMP | E17: - | F17: - | I17: レコード更新日時 | L17: {=IF(B16="", IF($L$6="PRIMARY_KEYS", ",PRIMARY KEY ("&_xlfn.TEXTJOIN(", ", TRUE, $C$8)&")" & CHAR(10) & ");", ");" ), " "&C16&" "&D16& _xlfn.IFS( E16="-", "", OR(D16="TIMESTAMP", D16="SMALLINT"), E16&IF(F16<>"-", ","&F16, ""), TRUE, "("&E16&IF(F16<>"-", ","&F16, "")&")" )& IF(G16<>"", " NOT NULL", "")& IF(H16<>"", ",", IF(B17<>"", ",", "") )& " -- "&B16 )} -> UPDATED_BY VARCHAR(50), -- 更新者
L18: {=IF(B17="", IF($L$6="PRIMARY_KEYS", ",PRIMARY KEY ("&_xlfn.TEXTJOIN(", ", TRUE, $C$8)&")" & CHAR(10) & ");", ");" ), " "&C17&" "&D17& _xlfn.IFS( E17="-", "", OR(D17="TIMESTAMP", D17="SMALLINT"), E17&IF(F17<>"-", ","&F17, ""), TRUE, "("&E17&IF(F17<>"-", ","&F17, "")&")" )& IF(G17<>"", " NOT NULL", "")& IF(H17<>"", ",", IF(B18<>"", ",", "") )& " -- "&B17 )} -> UPDATED_AT TIMESTAMP -- 更新日時
L19: {=IF(B18="", IF($L$6="PRIMARY_KEYS", ",PRIMARY KEY ("&_xlfn.TEXTJOIN(", ", TRUE, $C$8)&")" & CHAR(10) & ");", ");" ), " "&C18&" "&D18& _xlfn.IFS( E18="-", "", OR(D18="TIMESTAMP", D18="SMALLINT"), E18&IF(F18<>"-", ","&F18, ""), TRUE, "("&E18&IF(F18<>"-", ","&F18, "")&")" )& IF(G18<>"", " NOT NULL", "")& IF(H18<>"", ",", IF(B19<>"", ",", "") )& " -- "&B18 )} -> ,PRIMARY KEY (SUPPLY_POINT_NUMBER) );
L22: ="COMMENT ON TABLE db_corp." & $A$5 & " IS '" & $A$3 & "';" -> COMMENT ON TABLE db_corp.T_30MIN_IMPORT_MNG IS '30分値取込管理';
L23: ="COMMENT ON COLUMN db_corp." & $A$5&"."&C8&" IS '" &B8&"';" -> COMMENT ON COLUMN db_corp.T_30MIN_IMPORT_MNG.SUPPLY_POINT_NUMBER IS '供給地点特定番号(FK)';
L24: ="COMMENT ON COLUMN db_corp." & $A$5&"."&C9&" IS '" &B9&"';" -> COMMENT ON COLUMN db_corp.T_30MIN_IMPORT_MNG.TARGET_YEAR_MONTH IS '対象年月';
L25: ="COMMENT ON COLUMN db_corp." & $A$5&"."&C10&" IS '" &B10&"';" -> COMMENT ON COLUMN db_corp.T_30MIN_IMPORT_MNG.CREATE_STATUS IS '作成状態';
L26: ="COMMENT ON COLUMN db_corp." & $A$5&"."&C11&" IS '" &B11&"';" -> COMMENT ON COLUMN db_corp.T_30MIN_IMPORT_MNG.ERROR_MESSAGE IS 'エラーメッセージ';
L27: ="COMMENT ON COLUMN db_corp." & $A$5&"."&C12&" IS '" &B12&"';" -> COMMENT ON COLUMN db_corp.T_30MIN_IMPORT_MNG.LINKED_ERROR_MESSAGE IS '紐付けエラーメッセージ';
L28: ="COMMENT ON COLUMN db_corp." & $A$5&"."&C13&" IS '" &B13&"';" -> COMMENT ON COLUMN db_corp.T_30MIN_IMPORT_MNG.LINKED_DATE IS '紐付け日時';
L29: ="COMMENT ON COLUMN db_corp." & $A$5&"."&C14&" IS '" &B14&"';" -> COMMENT ON COLUMN db_corp.T_30MIN_IMPORT_MNG.CREATED_BY IS '作成者';
L30: ="COMMENT ON COLUMN db_corp." & $A$5&"."&C15&" IS '" &B15&"';" -> COMMENT ON COLUMN db_corp.T_30MIN_IMPORT_MNG.CREATED_AT IS '作成日時';
L31: ="COMMENT ON COLUMN db_corp." & $A$5&"."&C16&" IS '" &B16&"';" -> COMMENT ON COLUMN db_corp.T_30MIN_IMPORT_MNG.UPDATED_BY IS '更新者';
L32: ="COMMENT ON COLUMN db_corp." & $A$5&"."&C17&" IS '" &B17&"';" -> COMMENT ON COLUMN db_corp.T_30MIN_IMPORT_MNG.UPDATED_AT IS '更新日時';
L33: ="COMMENT ON COLUMN db_corp." & $A$5&"."&C20&" IS '" &B20&"';" -> COMMENT ON COLUMN db_corp.T_30MIN_IMPORT_MNG. IS '';
L34: ="COMMENT ON COLUMN db_corp." & $A$5&"."&C21&" IS '" &B21&"';" -> COMMENT ON COLUMN db_corp.T_30MIN_IMPORT_MNG. IS '';
L35: ="COMMENT ON COLUMN db_corp." & $A$5&"."&C22&" IS '" &B22&"';" -> COMMENT ON COLUMN db_corp.T_30MIN_IMPORT_MNG. IS '';
L36: ="COMMENT ON COLUMN db_corp." & $A$5&"."&C23&" IS '" &B23&"';" -> COMMENT ON COLUMN db_corp.T_30MIN_IMPORT_MNG. IS '';
L37: ="COMMENT ON COLUMN db_corp." & $A$5&"."&C24&" IS '" &B24&"';" -> COMMENT ON COLUMN db_corp.T_30MIN_IMPORT_MNG. IS '';
L38: ="COMMENT ON COLUMN db_corp." & $A$5&"."&C25&" IS '" &B25&"';" -> COMMENT ON COLUMN db_corp.T_30MIN_IMPORT_MNG. IS '';

Sheet 過去分ARVEお客さま情報
D1: =修正履歴!E7 -> 2026/12/21
A2: テーブル名（日本語） | D2: システム名 | I2: 作成者 | J2: 承認者 | K2: 作成日
A3: 過去分ARVEお客さま情報 | D3: CNレポート作成アプリ「LecMoc」
A4: テーブル名（英語） | D4: スキーマ | I4: 更新者 | J4: 承認者 | K4: 更新日
A5: T_HISTORICAL_ARVE_CUSTOMER_INFO | D5: DB_CORP
A6: ARVEから受領するテーブルのため、項目名および型桁はARVEに合わせ定義する ※青字のものはそのまま登録する項目 | L6: PRIMARY_KEYS
A7: No | B7: 論理名 | C7: 物理名 | D7: 型 | E7: 長さ | F7: 精度 | G7: 必須 | H7: 主キー（PK） | I7: 備考 | L7: ="drop TABLE IF EXISTS db_corp."&A5&" CASCADE;" -> drop TABLE IF EXISTS db_corp.T_HISTORICAL_ARVE_CUSTOMER_INFO CASCADE;
A8: 1 | B8: 供給地点特定番号(FK) | C8: CMN_SupplyPointSpecificNum__c | D8: VARCHAR | E8: 22 | F8: - | G8: 〇 | H8: 1 | L8: ="CREATE TABLE IF NOT EXISTS db_corp."&A5&" (" -> CREATE TABLE IF NOT EXISTS db_corp.T_HISTORICAL_ARVE_CUSTOMER_INFO (
A9: =A8+1 -> 2 | B9: 取得年月 | C9: ACQUISITION_YEAR_MONTH | D9: VARCHAR | E9: 6 | F9: - | G9: 〇 | H9: 2 | L9: {=IF(B8="", IF($L$6="PRIMARY_KEYS", ",PRIMARY KEY ("&_xlfn.TEXTJOIN(", ", TRUE, $C$8)&")" & CHAR(10) & ");", ");" ), " "&C8&" "&D8& _xlfn.IFS( E8="-", "", OR(D8="TIMESTAMP", D8="SMALLINT"), E8&IF(F8<>"-", ","&F8, ""), TRUE, "("&E8&IF(F8<>"-", ","&F8, "")&")" )& IF(G8<>"", " NOT NULL", "")& IF(H8<>"", ",", IF(B9<>"", ",", "") )& " -- "&B8 )} -> CMN_SupplyPointSpecificNum__c VARCHAR(22) NOT NULL, -- 供給地点特定番号(FK)
A10: =A9+1 -> 3 | B10: 業務種別 | C10: CMN_BusinessType__c | D10: VARCHAR | E10: 4 | F10: - | I10: 「2：高圧」のみ抽出 | L10: {=IF(B9="", IF($L$6="PRIMARY_KEYS", ",PRIMARY KEY ("&_xlfn.TEXTJOIN(", ", TRUE, $C$8)&")" & CHAR(10) & ");", ");" ), " "&C9&" "&D9& _xlfn.IFS( E9="-", "", OR(D9="TIMESTAMP", D9="SMALLINT"), E9&IF(F9<>"-", ","&F9, ""), TRUE, "("&E9&IF(F9<>"-", ","&F9, "")&")" )& IF(G9<>"", " NOT NULL", "")& IF(H9<>"", ",", IF(B10<>"", ",", "") )& " -- "&B9 )} -> ACQUISITION_YEAR_MONTH VARCHAR(6) NOT NULL, -- 取得年月
A11: =A10+1 -> 4 | B11: お客さま番号 | C11: CMN_OldCustomerNum__c | D11: VARCHAR | E11: 16 | F11: - | L11: {=IF(B10="", IF($L$6="PRIMARY_KEYS", ",PRIMARY KEY ("&_xlfn.TEXTJOIN(", ", TRUE, $C$8)&")" & CHAR(10) & ");", ");" ), " "&C10&" "&D10& _xlfn.IFS( E10="-", "", OR(D10="TIMESTAMP", D10="SMALLINT"), E10&IF(F10<>"-", ","&F10, ""), TRUE, "("&E10&IF(F10<>"-", ","&F10, "")&")" )& IF(G10<>"", " NOT NULL", "")& IF(H10<>"", ",", IF(B11<>"", ",", "") )& " -- "&B10 )} -> CMN_BusinessType__c VARCHAR(4), -- 業務種別
A12: =A11+1 -> 5 | B12: 契約電力(kW) | C12: CMN_PowerContract__c | D12: VARCHAR | E12: 10 | F12: - | L12: {=IF(B11="", IF($L$6="PRIMARY_KEYS", ",PRIMARY KEY ("&_xlfn.TEXTJOIN(", ", TRUE, $C$8)&")" & CHAR(10) & ");", ");" ), " "&C11&" "&D11& _xlfn.IFS( E11="-", "", OR(D11="TIMESTAMP", D11="SMALLINT"), E11&IF(F11<>"-", ","&F11, ""), TRUE, "("&E11&IF(F11<>"-", ","&F11, "")&")" )& IF(G11<>"", " NOT NULL", "")& IF(H11<>"", ",", IF(B12<>"", ",", "") )& " -- "&B11 )} -> CMN_OldCustomerNum__c VARCHAR(16), -- お客さま番号
A13: =A12+1 -> 6 | B13: 契約種別 | C13: CMN_ContractType__c | D13: VARCHAR | E13: 1300 | F13: - | L13: {=IF(B12="", IF($L$6="PRIMARY_KEYS", ",PRIMARY KEY ("&_xlfn.TEXTJOIN(", ", TRUE, $C$8)&")" & CHAR(10) & ");", ");" ), " "&C12&" "&D12& _xlfn.IFS( E12="-", "", OR(D12="TIMESTAMP", D12="SMALLINT"), E12&IF(F12<>"-", ","&F12, ""), TRUE, "("&E12&IF(F12<>"-", ","&F12, "")&")" )& IF(G12<>"", " NOT NULL", "")& IF(H12<>"", ",", IF(B13<>"", ",", "") )& " -- "&B12 )} -> CMN_PowerContract__c VARCHAR(10), -- 契約電力(kW)
A14: =A13+1 -> 7 | B14: 契約場所_住所 | C14: CMN_DemandLocationAddress__c | D14: VARCHAR | E14: 1300 | F14: - | L14: {=IF(B13="", IF($L$6="PRIMARY_KEYS", ",PRIMARY KEY ("&_xlfn.TEXTJOIN(", ", TRUE, $C$8)&")" & CHAR(10) & ");", ");" ), " "&C13&" "&D13& _xlfn.IFS( E13="-", "", OR(D13="TIMESTAMP", D13="SMALLINT"), E13&IF(F13<>"-", ","&F13, ""), TRUE, "("&E13&IF(F13<>"-", ","&F13, "")&")" )& IF(G13<>"", " NOT NULL", "")& IF(H13<>"", ",", IF(B14<>"", ",", "") )& " -- "&B13 )} -> CMN_ContractType__c VARCHAR(1300), -- 契約種別
A15: =A14+1 -> 8 | B15: 紐づけ元契約商品 | C15: CMN_LinkedSourceContractItem__c | D15: VARCHAR | E15: 18 | F15: - | I15: 「空白」のみ抽出 | L15: {=IF(B14="", IF($L$6="PRIMARY_KEYS", ",PRIMARY KEY ("&_xlfn.TEXTJOIN(", ", TRUE, $C$8)&")" & CHAR(10) & ");", ");" ), " "&C14&" "&D14& _xlfn.IFS( E14="-", "", OR(D14="TIMESTAMP", D14="SMALLINT"), E14&IF(F14<>"-", ","&F14, ""), TRUE, "("&E14&IF(F14<>"-", ","&F14, "")&")" )& IF(G14<>"", " NOT NULL", "")& IF(H14<>"", ",", IF(B15<>"", ",", "") )& " -- "&B14 )} -> CMN_DemandLocationAddress__c VARCHAR(1300), -- 契約場所_住所
A16: =A15+1 -> 9 | B16: 旧契約需要場所 | C16: CMN_OldJuyobasho__c | D16: VARCHAR | E16: 18 | F16: - | L16: {=IF(B15="", IF($L$6="PRIMARY_KEYS", ",PRIMARY KEY ("&_xlfn.TEXTJOIN(", ", TRUE, $C$8)&")" & CHAR(10) & ");", ");" ), " "&C15&" "&D15& _xlfn.IFS( E15="-", "", OR(D15="TIMESTAMP", D15="SMALLINT"), E15&IF(F15<>"-", ","&F15, ""), TRUE, "("&E15&IF(F15<>"-", ","&F15, "")&")" )& IF(G15<>"", " NOT NULL", "")& IF(H15<>"", ",", IF(B16<>"", ",", "") )& " -- "&B15 )} -> CMN_LinkedSourceContractItem__c VARCHAR(18), -- 紐づけ元契約商品
A17: =A16+1 -> 10 | B17: 計量日 | C17: CMN_AcutualMaterReadingDate__c | D17: VARCHAR | E17: 2 | F17: - | I17: 1;2;3;4;5;6;8;9;10;11;12;13;15;16;17;18;19;20;22;23;24;25;26;27;28;29;30;31 | L17: {=IF(B16="", IF($L$6="PRIMARY_KEYS", ",PRIMARY KEY ("&_xlfn.TEXTJOIN(", ", TRUE, $C$8)&")" & CHAR(10) & ");", ");" ), " "&C16&" "&D16& _xlfn.IFS( E16="-", "", OR(D16="TIMESTAMP", D16="SMALLINT"), E16&IF(F16<>"-", ","&F16, ""), TRUE, "("&E16&IF(F16<>"-", ","&F16, "")&")" )& IF(G16<>"", " NOT NULL", "")& IF(H16<>"", ",", IF(B17<>"", ",", "") )& " -- "&B16 )} -> CMN_OldJuyobasho__c VARCHAR(18), -- 旧契約需要場所
A18: =A17+1 -> 11 | B18: 契約終了日 | C18: CMN_ContractEndDate2__c | D18: VARCHAR | E18: 10 | F18: - | I18: YYYY/MM/DD | L18: {=IF(B17="", IF($L$6="PRIMARY_KEYS", ",PRIMARY KEY ("&_xlfn.TEXTJOIN(", ", TRUE, $C$8)&")" & CHAR(10) & ");", ");" ), " "&C17&" "&D17& _xlfn.IFS( E17="-", "", OR(D17="TIMESTAMP", D17="SMALLINT"), E17&IF(F17<>"-", ","&F17, ""), TRUE, "("&E17&IF(F17<>"-", ","&F17, "")&")" )& IF(G17<>"", " NOT NULL", "")& IF(H17<>"", ",", IF(B18<>"", ",", "") )& " -- "&B17 )} -> CMN_AcutualMaterReadingDate__c VARCHAR(2), -- 計量日
A19: =A18+1 -> 12 | B19: 契約状態 | C19: CMN_ContractStatus__c | D19: VARCHAR | E19: 5 | F19: - | I19: 「契約中」のみ抽出 | L19: {=IF(B18="", IF($L$6="PRIMARY_KEYS", ",PRIMARY KEY ("&_xlfn.TEXTJOIN(", ", TRUE, $C$8)&")" & CHAR(10) & ");", ");" ), " "&C18&" "&D18& _xlfn.IFS( E18="-", "", OR(D18="TIMESTAMP", D18="SMALLINT"), E18&IF(F18<>"-", ","&F18, ""), TRUE, "("&E18&IF(F18<>"-", ","&F18, "")&")" )& IF(G18<>"", " NOT NULL", "")& IF(H18<>"", ",", IF(B19<>"", ",", "") )& " -- "&B18 )} -> CMN_ContractEndDate2__c VARCHAR(10), -- 契約終了日
A20: =A19+1 -> 13 | B20: 契約場所_名義(姓)＿契約場所_名義(名) | C20: CMN_DemandLocationFullName_Ref__c | D20: VARCHAR | E20: 1300 | F20: - | L20: {=IF(B19="", IF($L$6="PRIMARY_KEYS", ",PRIMARY KEY ("&_xlfn.TEXTJOIN(", ", TRUE, $C$8)&")" & CHAR(10) & ");", ");" ), " "&C19&" "&D19& _xlfn.IFS( E19="-", "", OR(D19="TIMESTAMP", D19="SMALLINT"), E19&IF(F19<>"-", ","&F19, ""), TRUE, "("&E19&IF(F19<>"-", ","&F19, "")&")" )& IF(G19<>"", " NOT NULL", "")& IF(H19<>"", ",", IF(B20<>"", ",", "") )& " -- "&B19 )} -> CMN_ContractStatus__c VARCHAR(5), -- 契約状態
A21: =A20+1 -> 14 | B21: 企業ID | C21: CMN_KigyoID_Fk__c | D21: VARCHAR | E21: 1300 | F21: - | L21: {=IF(B20="", IF($L$6="PRIMARY_KEYS", ",PRIMARY KEY ("&_xlfn.TEXTJOIN(", ", TRUE, $C$8)&")" & CHAR(10) & ");", ");" ), " "&C20&" "&D20& _xlfn.IFS( E20="-", "", OR(D20="TIMESTAMP", D20="SMALLINT"), E20&IF(F20<>"-", ","&F20, ""), TRUE, "("&E20&IF(F20<>"-", ","&F20, "")&")" )& IF(G20<>"", " NOT NULL", "")& IF(H20<>"", ",", IF(B21<>"", ",", "") )& " -- "&B20 )} -> CMN_DemandLocationFullName_Ref__c VARCHAR(1300), -- 契約場所_名義(姓)＿契約場所_名義(名)
A22: =A21+1 -> 15 | B22: 営業窓口アカウント | C22: CMN_SalesContactAccount__c | D22: VARCHAR | E22: 1300 | F22: - | L22: {=IF(B21="", IF($L$6="PRIMARY_KEYS", ",PRIMARY KEY ("&_xlfn.TEXTJOIN(", ", TRUE, $C$8)&")" & CHAR(10) & ");", ");" ), " "&C21&" "&D21& _xlfn.IFS( E21="-", "", OR(D21="TIMESTAMP", D21="SMALLINT"), E21&IF(F21<>"-", ","&F21, ""), TRUE, "("&E21&IF(F21<>"-", ","&F21, "")&")" )& IF(G21<>"", " NOT NULL", "")& IF(H21<>"", ",", IF(B22<>"", ",", "") )& " -- "&B21 )} -> CMN_KigyoID_Fk__c VARCHAR(1300), -- 企業ID
A23: =A22+1 -> 16 | B23: 実績責任担当者 | C23: CMN_User_PerformanceAccountAbilityRep__c | D23: VARCHAR | E23: 1300 | F23: - | L23: {=IF(B22="", IF($L$6="PRIMARY_KEYS", ",PRIMARY KEY ("&_xlfn.TEXTJOIN(", ", TRUE, $C$8)&")" & CHAR(10) & ");", ");" ), " "&C22&" "&D22& _xlfn.IFS( E22="-", "", OR(D22="TIMESTAMP", D22="SMALLINT"), E22&IF(F22<>"-", ","&F22, ""), TRUE, "("&E22&IF(F22<>"-", ","&F22, "")&")" )& IF(G22<>"", " NOT NULL", "")& IF(H22<>"", ",", IF(B23<>"", ",", "") )& " -- "&B22 )} -> CMN_SalesContactAccount__c VARCHAR(1300), -- 営業窓口アカウント
A24: =A23+1 -> 17 | B24: 組織ID（FK） | C24: ORG_ID | D24: VARCHAR | E24: 20 | F24: - | I24: 利用者組織情報テーブルから紐づけて登録 | L24: {=IF(B23="", IF($L$6="PRIMARY_KEYS", ",PRIMARY KEY ("&_xlfn.TEXTJOIN(", ", TRUE, $C$8)&")" & CHAR(10) & ");", ");" ), " "&C23&" "&D23& _xlfn.IFS( E23="-", "", OR(D23="TIMESTAMP", D23="SMALLINT"), E23&IF(F23<>"-", ","&F23, ""), TRUE, "("&E23&IF(F23<>"-", ","&F23, "")&")" )& IF(G23<>"", " NOT NULL", "")& IF(H23<>"", ",", IF(B24<>"", ",", "") )& " -- "&B23 )} -> CMN_User_PerformanceAccountAbilityRep__c VARCHAR(1300), -- 実績責任担当者
A25: =A24+1 -> 18 | B25: 担当組織 | C25: USER_ORG_NAME | D25: VARCHAR | E25: 1300 | F25: - | I25: 実績責任担当者の「ー」以前の値を抽出して登録 | L25: {=IF(B24="", IF($L$6="PRIMARY_KEYS", ",PRIMARY KEY ("&_xlfn.TEXTJOIN(", ", TRUE, $C$8)&")" & CHAR(10) & ");", ");" ), " "&C24&" "&D24& _xlfn.IFS( E24="-", "", OR(D24="TIMESTAMP", D24="SMALLINT"), E24&IF(F24<>"-", ","&F24, ""), TRUE, "("&E24&IF(F24<>"-", ","&F24, "")&")" )& IF(G24<>"", " NOT NULL", "")& IF(H24<>"", ",", IF(B25<>"", ",", "") )& " -- "&B24 )} -> ORG_ID VARCHAR(20), -- 組織ID（FK）
A26: =A25+1 -> 19 | B26: レコードタイプ ID | C26: RecordTypeId | D26: VARCHAR | E26: 20 | F26: - | I26: 「省エネサポートサービス」のみ抽出 | L26: {=IF(B25="", IF($L$6="PRIMARY_KEYS", ",PRIMARY KEY ("&_xlfn.TEXTJOIN(", ", TRUE, $C$8)&")" & CHAR(10) & ");", ");" ), " "&C25&" "&D25& _xlfn.IFS( E25="-", "", OR(D25="TIMESTAMP", D25="SMALLINT"), E25&IF(F25<>"-", ","&F25, ""), TRUE, "("&E25&IF(F25<>"-", ","&F25, "")&")" )& IF(G25<>"", " NOT NULL", "")& IF(H25<>"", ",", IF(B26<>"", ",", "") )& " -- "&B25 )} -> USER_ORG_NAME VARCHAR(1300), -- 担当組織
A27: =A26+1 -> 20 | B27: お客様番号(14桁) | C27: OkyakusamaBango14__c | D27: VARCHAR | E27: 14 | F27: - | L27: {=IF(B26="", IF($L$6="PRIMARY_KEYS", ",PRIMARY KEY ("&_xlfn.TEXTJOIN(", ", TRUE, $C$8)&")" & CHAR(10) & ");", ");" ), " "&C26&" "&D26& _xlfn.IFS( E26="-", "", OR(D26="TIMESTAMP", D26="SMALLINT"), E26&IF(F26<>"-", ","&F26, ""), TRUE, "("&E26&IF(F26<>"-", ","&F26, "")&")" )& IF(G26<>"", " NOT NULL", "")& IF(H26<>"", ",", IF(B27<>"", ",", "") )& " -- "&B26 )} -> RecordTypeId VARCHAR(20), -- レコードタイプ ID
A28: =A27+1 -> 21 | B28: 作業件名番号 | C28: SagyoKenmeiBango__c | D28: VARCHAR | E28: 1300 | F28: - | L28: {=IF(B27="", IF($L$6="PRIMARY_KEYS", ",PRIMARY KEY ("&_xlfn.TEXTJOIN(", ", TRUE, $C$8)&")" & CHAR(10) & ");", ");" ), " "&C27&" "&D27& _xlfn.IFS( E27="-", "", OR(D27="TIMESTAMP", D27="SMALLINT"), E27&IF(F27<>"-", ","&F27, ""), TRUE, "("&E27&IF(F27<>"-", ","&F27, "")&")" )& IF(G27<>"", " NOT NULL", "")& IF(H27<>"", ",", IF(B28<>"", ",", "") )& " -- "&B27 )} -> OkyakusamaBango14__c VARCHAR(14), -- お客様番号(14桁)
A29: =A28+1 -> 22 | B29: ステータス | C29: Status__c | D29: VARCHAR | E29: 20 | F29: - | I29: 「満了」以外のもののみ抽出 | L29: {=IF(B28="", IF($L$6="PRIMARY_KEYS", ",PRIMARY KEY ("&_xlfn.TEXTJOIN(", ", TRUE, $C$8)&")" & CHAR(10) & ");", ");" ), " "&C28&" "&D28& _xlfn.IFS( E28="-", "", OR(D28="TIMESTAMP", D28="SMALLINT"), E28&IF(F28<>"-", ","&F28, ""), TRUE, "("&E28&IF(F28<>"-", ","&F28, "")&")" )& IF(G28<>"", " NOT NULL", "")& IF(H28<>"", ",", IF(B29<>"", ",", "") )& " -- "&B28 )} -> SagyoKenmeiBango__c VARCHAR(1300), -- 作業件名番号
A30: =A29+1 -> 23 | B30: 作成者 | C30: CREATED_BY | D30: VARCHAR | E30: 50 | F30: - | G30: 〇 | L30: {=IF(B29="", IF($L$6="PRIMARY_KEYS", ",PRIMARY KEY ("&_xlfn.TEXTJOIN(", ", TRUE, $C$8)&")" & CHAR(10) & ");", ");" ), " "&C29&" "&D29& _xlfn.IFS( E29="-", "", OR(D29="TIMESTAMP", D29="SMALLINT"), E29&IF(F29<>"-", ","&F29, ""), TRUE, "("&E29&IF(F29<>"-", ","&F29, "")&")" )& IF(G29<>"", " NOT NULL", "")& IF(H29<>"", ",", IF(B30<>"", ",", "") )& " -- "&B29 )} -> Status__c VARCHAR(20), -- ステータス
A31: =A30+1 -> 24 | B31: 作成日時 | C31: CREATED_AT | D31: TIMESTAMP | E31: - | F31: - | G31: 〇 | I31: レコード作成日時 | L31: {=IF(B30="", IF($L$6="PRIMARY_KEYS", ",PRIMARY KEY ("&_xlfn.TEXTJOIN(", ", TRUE, $C$8)&")" & CHAR(10) & ");", ");" ), " "&C30&" "&D30& _xlfn.IFS( E30="-", "", OR(D30="TIMESTAMP", D30="SMALLINT"), E30&IF(F30<>"-", ","&F30, ""), TRUE, "("&E30&IF(F30<>"-", ","&F30, "")&")" )& IF(G30<>"", " NOT NULL", "")& IF(H30<>"", ",", IF(B31<>"", ",", "") )& " -- "&B30 )} -> CREATED_BY VARCHAR(50) NOT NULL, -- 作成者
A32: =A31+1 -> 25 | B32: 更新者 | C32: UPDATED_BY | D32: VARCHAR | E32: 50 | F32: - | L32: {=IF(B31="", IF($L$6="PRIMARY_KEYS", ",PRIMARY KEY ("&_xlfn.TEXTJOIN(", ", TRUE, $C$8)&")" & CHAR(10) & ");", ");" ), " "&C31&" "&D31& _xlfn.IFS( E31="-", "", OR(D31="TIMESTAMP", D31="SMALLINT"), E31&IF(F31<>"-", ","&F31, ""), TRUE, "("&E31&IF(F31<>"-", ","&F31, "")&")" )& IF(G31<>"", " NOT NULL", "")& IF(H31<>"", ",", IF(B32<>"", ",", "") )& " -- "&B31 )} -> CREATED_AT TIMESTAMP NOT NULL, -- 作成日時
A33: =A32+1 -> 26 | B33: 更新日時 | C33: UPDATED_AT | D33: TIMESTAMP | E33: - | F33: - | I33: レコード更新日時 | L33: {=IF(B32="", IF($L$6="PRIMARY_KEYS", ",PRIMARY KEY ("&_xlfn.TEXTJOIN(", ", TRUE, $C$8)&")" & CHAR(10) & ");", ");" ), " "&C32&" "&D32& _xlfn.IFS( E32="-", "", OR(D32="TIMESTAMP", D32="SMALLINT"), E32&IF(F32<>"-", ","&F32, ""), TRUE, "("&E32&IF(F32<>"-", ","&F32, "")&")" )& IF(G32<>"", " NOT NULL", "")& IF(H32<>"", ",", IF(B33<>"", ",", "") )& " -- "&B32 )} -> UPDATED_BY VARCHAR(50), -- 更新者
L34: {=IF(B33="", IF($L$6="PRIMARY_KEYS", ",PRIMARY KEY ("&_xlfn.TEXTJOIN(", ", TRUE, $C$8)&")" & CHAR(10) & ");", ");" ), " "&C33&" "&D33& _xlfn.IFS( E33="-", "", OR(D33="TIMESTAMP", D33="SMALLINT"), E33&IF(F33<>"-", ","&F33, ""), TRUE, "("&E33&IF(F33<>"-", ","&F33, "")&")" )& IF(G33<>"", " NOT NULL", "")& IF(H33<>"", ",", IF(B34<>"", ",", "") )& " -- "&B33 )} -> UPDATED_AT TIMESTAMP -- 更新日時
L35: {=IF(B34="", IF($L$6="PRIMARY_KEYS", ",PRIMARY KEY ("&_xlfn.TEXTJOIN(", ", TRUE, $C$8, $C$9)&")" & CHAR(10) & ");", ");" ), " "&C34&" "&D34& _xlfn.IFS( E34="-", "", OR(D34="TIMESTAMP", D34="SMALLINT"), E34&IF(F34<>"-", ","&F34, ""), TRUE, "("&E34&IF(F34<>"-", ","&F34, "")&")" )& IF(G34<>"", " NOT NULL", "")& IF(H34<>"", ",", IF(B35<>"", ",", "") )& " -- "&B34 )} -> ,PRIMARY KEY (CMN_SupplyPointSpecificNum__c, ACQUISITION_YEAR_MONTH) );
L37: ="COMMENT ON TABLE db_corp." & $A$5 & " IS '" & $A$3 & "';" -> COMMENT ON TABLE db_corp.T_HISTORICAL_ARVE_CUSTOMER_INFO IS '過去分ARVEお客さま情報';
L38: ="COMMENT ON COLUMN db_corp." & $A$5&"."&C8&" IS '" &B8&"';" -> COMMENT ON COLUMN db_corp.T_HISTORICAL_ARVE_CUSTOMER_INFO.CMN_SupplyPointSpecificNum__c IS '供給地点特定番号(FK)';
L39: ="COMMENT ON COLUMN db_corp." & $A$5&"."&C9&" IS '" &B9&"';" -> COMMENT ON COLUMN db_corp.T_HISTORICAL_ARVE_CUSTOMER_INFO.ACQUISITION_YEAR_MONTH IS '取得年月';
L40: ="COMMENT ON COLUMN db_corp." & $A$5&"."&C10&" IS '" &B10&"';" -> COMMENT ON COLUMN db_corp.T_HISTORICAL_ARVE_CUSTOMER_INFO.CMN_BusinessType__c IS '業務種別';
L41: ="COMMENT ON COLUMN db_corp." & $A$5&"."&C11&" IS '" &B11&"';" -> COMMENT ON COLUMN db_corp.T_HISTORICAL_ARVE_CUSTOMER_INFO.CMN_OldCustomerNum__c IS 'お客さま番号';
L42: ="COMMENT ON COLUMN db_corp." & $A$5&"."&C12&" IS '" &B12&"';" -> COMMENT ON COLUMN db_corp.T_HISTORICAL_ARVE_CUSTOMER_INFO.CMN_PowerContract__c IS '契約電力(kW)';
L43: ="COMMENT ON COLUMN db_corp." & $A$5&"."&C13&" IS '" &B13&"';" -> COMMENT ON COLUMN db_corp.T_HISTORICAL_ARVE_CUSTOMER_INFO.CMN_ContractType__c IS '契約種別';
L44: ="COMMENT ON COLUMN db_corp." & $A$5&"."&C14&" IS '" &B14&"';" -> COMMENT ON COLUMN db_corp.T_HISTORICAL_ARVE_CUSTOMER_INFO.CMN_DemandLocationAddress__c IS '契約場所_住所';
L45: ="COMMENT ON COLUMN db_corp." & $A$5&"."&C15&" IS '" &B15&"';" -> COMMENT ON COLUMN db_corp.T_HISTORICAL_ARVE_CUSTOMER_INFO.CMN_LinkedSourceContractItem__c IS '紐づけ元契約商品';
L46: ="COMMENT ON COLUMN db_corp." & $A$5&"."&C16&" IS '" &B16&"';" -> COMMENT ON COLUMN db_corp.T_HISTORICAL_ARVE_CUSTOMER_INFO.CMN_OldJuyobasho__c IS '旧契約需要場所';
L47: ="COMMENT ON COLUMN db_corp." & $A$5&"."&C17&" IS '" &B17&"';" -> COMMENT ON COLUMN db_corp.T_HISTORICAL_ARVE_CUSTOMER_INFO.CMN_AcutualMaterReadingDate__c IS '計量日';
L48: ="COMMENT ON COLUMN db_corp." & $A$5&"."&C18&" IS '" &B18&"';" -> COMMENT ON COLUMN db_corp.T_HISTORICAL_ARVE_CUSTOMER_INFO.CMN_ContractEndDate2__c IS '契約終了日';
L49: ="COMMENT ON COLUMN db_corp." & $A$5&"."&C19&" IS '" &B19&"';" -> COMMENT ON COLUMN db_corp.T_HISTORICAL_ARVE_CUSTOMER_INFO.CMN_ContractStatus__c IS '契約状態';
... L64: ="COMMENT ON COLUMN db_corp." & $A$5&"."&C34&" IS '" &B34&"';" -> COMMENT ON COLUMN db_corp.T_HISTORICAL_ARVE_CUSTOMER_INFO. IS '';

Sheet ARVEお客さま情報
D1: =修正履歴!E7 -> 2026/12/21
A2: テーブル名（日本語） | D2: システム名 | I2: 作成者 | J2: 承認者 | K2: 作成日
A3: ARVEお客さま情報 | D3: CNレポート作成アプリ「LecMoc」
A4: テーブル名（英語） | D4: スキーマ | I4: 更新者 | J4: 承認者 | K4: 更新日
A5: T_ARVE_CUSTOMER_INFO | D5: DB_CORP
A6: ARVEから受領するテーブルのため、項目名および型桁はARVEに合わせ定義する ※青字のものはそのまま登録する項目 | L6: PRIMARY_KEYS
A7: No | B7: 論理名 | C7: 物理名 | D7: 型 | E7: 長さ | F7: 精度 | G7: 必須 | H7: 主キー（PK） | I7: 備考 | L7: ="drop TABLE IF EXISTS db_corp."&A5&" CASCADE;" -> drop TABLE IF EXISTS db_corp.T_ARVE_CUSTOMER_INFO CASCADE;
A8: 1 | B8: 供給地点特定番号(FK) | C8: CMN_SupplyPointSpecificNum__c | D8: VARCHAR | E8: 22 | F8: - | G8: 〇 | H8: 1 | L8: ="CREATE TABLE IF NOT EXISTS db_corp."&A5&" (" -> CREATE TABLE IF NOT EXISTS db_corp.T_ARVE_CUSTOMER_INFO (
A9: =A8+1 -> 2 | B9: 業務種別 | C9: CMN_BusinessType__c | D9: VARCHAR | E9: 4 | F9: - | I9: 「2：高圧」のみ抽出 | L9: {=IF(B8="", IF($L$6="PRIMARY_KEYS", ",PRIMARY KEY ("&_xlfn.TEXTJOIN(", ", TRUE, $C$8)&")" & CHAR(10) & ");", ");" ), " "&C8&" "&D8& _xlfn.IFS( E8="-", "", OR(D8="TIMESTAMP", D8="SMALLINT"), E8&IF(F8<>"-", ","&F8, ""), TRUE, "("&E8&IF(F8<>"-", ","&F8, "")&")" )& IF(G8<>"", " NOT NULL", "")& IF(H8<>"", ",", IF(B9<>"", ",", "") )& " -- "&B8 )} -> CMN_SupplyPointSpecificNum__c VARCHAR(22) NOT NULL, -- 供給地点特定番号(FK)
A10: =A9+1 -> 3 | B10: お客さま番号 | C10: CMN_OldCustomerNum__c | D10: VARCHAR | E10: 16 | F10: - | L10: {=IF(B9="", IF($L$6="PRIMARY_KEYS", ",PRIMARY KEY ("&_xlfn.TEXTJOIN(", ", TRUE, $C$8)&")" & CHAR(10) & ");", ");" ), " "&C9&" "&D9& _xlfn.IFS( E9="-", "", OR(D9="TIMESTAMP", D9="SMALLINT"), E9&IF(F9<>"-", ","&F9, ""), TRUE, "("&E9&IF(F9<>"-", ","&F9, "")&")" )& IF(G9<>"", " NOT NULL", "")& IF(H9<>"", ",", IF(B10<>"", ",", "") )& " -- "&B9 )} -> CMN_BusinessType__c VARCHAR(4), -- 業務種別
A11: =A10+1 -> 4 | B11: 契約電力(kW) | C11: CMN_PowerContract__c | D11: VARCHAR | E11: 10 | F11: - | L11: {=IF(B10="", IF($L$6="PRIMARY_KEYS", ",PRIMARY KEY ("&_xlfn.TEXTJOIN(", ", TRUE, $C$8)&")" & CHAR(10) & ");", ");" ), " "&C10&" "&D10& _xlfn.IFS( E10="-", "", OR(D10="TIMESTAMP", D10="SMALLINT"), E10&IF(F10<>"-", ","&F10, ""), TRUE, "("&E10&IF(F10<>"-", ","&F10, "")&")" )& IF(G10<>"", " NOT NULL", "")& IF(H10<>"", ",", IF(B11<>"", ",", "") )& " -- "&B10 )} -> CMN_OldCustomerNum__c VARCHAR(16), -- お客さま番号
A12: =A11+1 -> 5 | B12: 契約種別 | C12: CMN_ContractType__c | D12: VARCHAR | E12: 1300 | F12: - | L12: {=IF(B11="", IF($L$6="PRIMARY_KEYS", ",PRIMARY KEY ("&_xlfn.TEXTJOIN(", ", TRUE, $C$8)&")" & CHAR(10) & ");", ");" ), " "&C11&" "&D11& _xlfn.IFS( E11="-", "", OR(D11="TIMESTAMP", D11="SMALLINT"), E11&IF(F11<>"-", ","&F11, ""), TRUE, "("&E11&IF(F11<>"-", ","&F11, "")&")" )& IF(G11<>"", " NOT NULL", "")& IF(H11<>"", ",", IF(B12<>"", ",", "") )& " -- "&B11 )} -> CMN_PowerContract__c VARCHAR(10), -- 契約電力(kW)
A13: =A12+1 -> 6 | B13: 契約場所_住所 | C13: CMN_DemandLocationAddress__c | D13: VARCHAR | E13: 1300 | F13: - | L13: {=IF(B12="", IF($L$6="PRIMARY_KEYS", ",PRIMARY KEY ("&_xlfn.TEXTJOIN(", ", TRUE, $C$8)&")" & CHAR(10) & ");", ");" ), " "&C12&" "&D12& _xlfn.IFS( E12="-", "", OR(D12="TIMESTAMP", D12="SMALLINT"), E12&IF(F12<>"-", ","&F12, ""), TRUE, "("&E12&IF(F12<>"-", ","&F12, "")&")" )& IF(G12<>"", " NOT NULL", "")& IF(H12<>"", ",", IF(B13<>"", ",", "") )& " -- "&B12 )} -> CMN_ContractType__c VARCHAR(1300), -- 契約種別
A14: =A13+1 -> 7 | B14: 紐づけ元契約商品 | C14: CMN_LinkedSourceContractItem__c | D14: VARCHAR | E14: 18 | F14: - | I14: 「空白」のみ抽出 | L14: {=IF(B13="", IF($L$6="PRIMARY_KEYS", ",PRIMARY KEY ("&_xlfn.TEXTJOIN(", ", TRUE, $C$8)&")" & CHAR(10) & ");", ");" ), " "&C13&" "&D13& _xlfn.IFS( E13="-", "", OR(D13="TIMESTAMP", D13="SMALLINT"), E13&IF(F13<>"-", ","&F13, ""), TRUE, "("&E13&IF(F13<>"-", ","&F13, "")&")" )& IF(G13<>"", " NOT NULL", "")& IF(H13<>"", ",", IF(B14<>"", ",", "") )& " -- "&B13 )} -> CMN_DemandLocationAddress__c VARCHAR(1300), -- 契約場所_住所
A15: =A14+1 -> 8 | B15: 旧契約需要場所 | C15: CMN_OldJuyobasho__c | D15: VARCHAR | E15: 18 | F15: - | L15: {=IF(B14="", IF($L$6="PRIMARY_KEYS", ",PRIMARY KEY ("&_xlfn.TEXTJOIN(", ", TRUE, $C$8)&")" & CHAR(10) & ");", ");" ), " "&C14&" "&D14& _xlfn.IFS( E14="-", "", OR(D14="TIMESTAMP", D14="SMALLINT"), E14&IF(F14<>"-", ","&F14, ""), TRUE, "("&E14&IF(F14<>"-", ","&F14, "")&")" )& IF(G14<>"", " NOT NULL", "")& IF(H14<>"", ",", IF(B15<>"", ",", "") )& " -- "&B14 )} -> CMN_LinkedSourceContractItem__c VARCHAR(18), -- 紐づけ元契約商品
A16: =A15+1 -> 9 | B16: 計量日 | C16: CMN_AcutualMaterReadingDate__c | D16: VARCHAR | E16: 2 | F16: - | I16: 1;2;3;4;5;6;8;9;10;11;12;13;15;16;17;18;19;20;22;23;24;25;26;27;28;29;30;31 | L16: {=IF(B15="", IF($L$6="PRIMARY_KEYS", ",PRIMARY KEY ("&_xlfn.TEXTJOIN(", ", TRUE, $C$8)&")" & CHAR(10) & ");", ");" ), " "&C15&" "&D15& _xlfn.IFS( E15="-", "", OR(D15="TIMESTAMP", D15="SMALLINT"), E15&IF(F15<>"-", ","&F15, ""), TRUE, "("&E15&IF(F15<>"-", ","&F15, "")&")" )& IF(G15<>"", " NOT NULL", "")& IF(H15<>"", ",", IF(B16<>"", ",", "") )& " -- "&B15 )} -> CMN_OldJuyobasho__c VARCHAR(18), -- 旧契約需要場所
A17: =A16+1 -> 10 | B17: 契約終了日 | C17: CMN_ContractEndDate2__c | D17: VARCHAR | E17: 10 | F17: - | I17: YYYY/MM/DD | L17: {=IF(B16="", IF($L$6="PRIMARY_KEYS", ",PRIMARY KEY ("&_xlfn.TEXTJOIN(", ", TRUE, $C$8)&")" & CHAR(10) & ");", ");" ), " "&C16&" "&D16& _xlfn.IFS( E16="-", "", OR(D16="TIMESTAMP", D16="SMALLINT"), E16&IF(F16<>"-", ","&F16, ""), TRUE, "("&E16&IF(F16<>"-", ","&F16, "")&")" )& IF(G16<>"", " NOT NULL", "")& IF(H16<>"", ",", IF(B17<>"", ",", "") )& " -- "&B16 )} -> CMN_AcutualMaterReadingDate__c VARCHAR(2), -- 計量日
A18: =A17+1 -> 11 | B18: 契約状態 | C18: CMN_ContractStatus__c | D18: VARCHAR | E18: 5 | F18: - | I18: 「契約中」のみ抽出 | L18: {=IF(B17="", IF($L$6="PRIMARY_KEYS", ",PRIMARY KEY ("&_xlfn.TEXTJOIN(", ", TRUE, $C$8)&")" & CHAR(10) & ");", ");" ), " "&C17&" "&D17& _xlfn.IFS( E17="-", "", OR(D17="TIMESTAMP", D17="SMALLINT"), E17&IF(F17<>"-", ","&F17, ""), TRUE, "("&E17&IF(F17<>"-", ","&F17, "")&")" )& IF(G17<>"", " NOT NULL", "")& IF(H17<>"", ",", IF(B18<>"", ",", "") )& " -- "&B17 )} -> CMN_ContractEndDate2__c VARCHAR(10), -- 契約終了日
A19: =A18+1 -> 12 | B19: 契約場所_名義(姓)＿契約場所_名義(名) | C19: CMN_DemandLocationFullName_Ref__c | D19: VARCHAR | E19: 1300 | F19: - | L19: {=IF(B18="", IF($L$6="PRIMARY_KEYS", ",PRIMARY KEY ("&_xlfn.TEXTJOIN(", ", TRUE, $C$8)&")" & CHAR(10) & ");", ");" ), " "&C18&" "&D18& _xlfn.IFS( E18="-", "", OR(D18="TIMESTAMP", D18="SMALLINT"), E18&IF(F18<>"-", ","&F18, ""), TRUE, "("&E18&IF(F18<>"-", ","&F18, "")&")" )& IF(G18<>"", " NOT NULL", "")& IF(H18<>"", ",", IF(B19<>"", ",", "") )& " -- "&B18 )} -> CMN_ContractStatus__c VARCHAR(5), -- 契約状態
A20: =A19+1 -> 13 | B20: 企業ID | C20: CMN_KigyoID_Fk__c | D20: VARCHAR | E20: 1300 | F20: - | L20: {=IF(B19="", IF($L$6="PRIMARY_KEYS", ",PRIMARY KEY ("&_xlfn.TEXTJOIN(", ", TRUE, $C$8)&")" & CHAR(10) & ");", ");" ), " "&C19&" "&D19& _xlfn.IFS( E19="-", "", OR(D19="TIMESTAMP", D19="SMALLINT"), E19&IF(F19<>"-", ","&F19, ""), TRUE, "("&E19&IF(F19<>"-", ","&F19, "")&")" )& IF(G19<>"", " NOT NULL", "")& IF(H19<>"", ",", IF(B20<>"", ",", "") )& " -- "&B19 )} -> CMN_DemandLocationFullName_Ref__c VARCHAR(1300), -- 契約場所_名義(姓)＿契約場所_名義(名)
A21: =A20+1 -> 14 | B21: 営業窓口アカウント | C21: CMN_SalesContactAccount__c | D21: VARCHAR | E21: 1300 | F21: - | L21: {=IF(B20="", IF($L$6="PRIMARY_KEYS", ",PRIMARY KEY ("&_xlfn.TEXTJOIN(", ", TRUE, $C$8)&")" & CHAR(10) & ");", ");" ), " "&C20&" "&D20& _xlfn.IFS( E20="-", "", OR(D20="TIMESTAMP", D20="SMALLINT"), E20&IF(F20<>"-", ","&F20, ""), TRUE, "("&E20&IF(F20<>"-", ","&F20, "")&")" )& IF(G20<>"", " NOT NULL", "")& IF(H20<>"", ",", IF(B21<>"", ",", "") )& " -- "&B20 )} -> CMN_KigyoID_Fk__c VARCHAR(1300), -- 企業ID
A22: =A21+1 -> 15 | B22: 実績責任担当者 | C22: CMN_User_PerformanceAccountAbilityRep__c | D22: VARCHAR | E22: 1300 | F22: - | L22: {=IF(B21="", IF($L$6="PRIMARY_KEYS", ",PRIMARY KEY ("&_xlfn.TEXTJOIN(", ", TRUE, $C$8)&")" & CHAR(10) & ");", ");" ), " "&C21&" "&D21& _xlfn.IFS( E21="-", "", OR(D21="TIMESTAMP", D21="SMALLINT"), E21&IF(F21<>"-", ","&F21, ""), TRUE, "("&E21&IF(F21<>"-", ","&F21, "")&")" )& IF(G21<>"", " NOT NULL", "")& IF(H21<>"", ",", IF(B22<>"", ",", "") )& " -- "&B21 )} -> CMN_SalesContactAccount__c VARCHAR(1300), -- 営業窓口アカウント
A23: =A22+1 -> 16 | B23: 組織ID（FK） | C23: ORG_ID | D23: VARCHAR | E23: 20 | F23: - | I23: 利用者組織情報テーブルから紐づけて登録 | L23: {=IF(B22="", IF($L$6="PRIMARY_KEYS", ",PRIMARY KEY ("&_xlfn.TEXTJOIN(", ", TRUE, $C$8)&")" & CHAR(10) & ");", ");" ), " "&C22&" "&D22& _xlfn.IFS( E22="-", "", OR(D22="TIMESTAMP", D22="SMALLINT"), E22&IF(F22<>"-", ","&F22, ""), TRUE, "("&E22&IF(F22<>"-", ","&F22, "")&")" )& IF(G22<>"", " NOT NULL", "")& IF(H22<>"", ",", IF(B23<>"", ",", "") )& " -- "&B22 )} -> CMN_User_PerformanceAccountAbilityRep__c VARCHAR(1300), -- 実績責任担当者
A24: =A23+1 -> 17 | B24: 担当組織 | C24: USER_ORG_NAME | D24: VARCHAR | E24: 1300 | F24: - | I24: 実績責任担当者の「ー」以前の値を抽出して登録 | L24: {=IF(B23="", IF($L$6="PRIMARY_KEYS", ",PRIMARY KEY ("&_xlfn.TEXTJOIN(", ", TRUE, $C$8)&")" & CHAR(10) & ");", ");" ), " "&C23&" "&D23& _xlfn.IFS( E23="-", "", OR(D23="TIMESTAMP", D23="SMALLINT"), E23&IF(F23<>"-", ","&F23, ""), TRUE, "("&E23&IF(F23<>"-", ","&F23, "")&")" )& IF(G23<>"", " NOT NULL", "")& IF(H23<>"", ",", IF(B24<>"", ",", "") )& " -- "&B23 )} -> ORG_ID VARCHAR(20), -- 組織ID（FK）
A25: =A24+1 -> 18 | B25: レコードタイプ ID | C25: RecordTypeId | D25: VARCHAR | E25: 20 | F25: - | I25: 「省エネサポートサービス」のみ抽出 | L25: {=IF(B24="", IF($L$6="PRIMARY_KEYS", ",PRIMARY KEY ("&_xlfn.TEXTJOIN(", ", TRUE, $C$8)&")" & CHAR(10) & ");", ");" ), " "&C24&" "&D24& _xlfn.IFS( E24="-", "", OR(D24="TIMESTAMP", D24="SMALLINT"), E24&IF(F24<>"-", ","&F24, ""), TRUE, "("&E24&IF(F24<>"-", ","&F24, "")&")" )& IF(G24<>"", " NOT NULL", "")& IF(H24<>"", ",", IF(B25<>"", ",", "") )& " -- "&B24 )} -> USER_ORG_NAME VARCHAR(1300), -- 担当組織
A26: =A25+1 -> 19 | B26: お客様番号(14桁) | C26: OkyakusamaBango14__c | D26: VARCHAR | E26: 14 | F26: - | L26: {=IF(B25="", IF($L$6="PRIMARY_KEYS", ",PRIMARY KEY ("&_xlfn.TEXTJOIN(", ", TRUE, $C$8)&")" & CHAR(10) & ");", ");" ), " "&C25&" "&D25& _xlfn.IFS( E25="-", "", OR(D25="TIMESTAMP", D25="SMALLINT"), E25&IF(F25<>"-", ","&F25, ""), TRUE, "("&E25&IF(F25<>"-", ","&F25, "")&")" )& IF(G25<>"", " NOT NULL", "")& IF(H25<>"", ",", IF(B26<>"", ",", "") )& " -- "&B25 )} -> RecordTypeId VARCHAR(20), -- レコードタイプ ID
A27: =A26+1 -> 20 | B27: 作業件名番号 | C27: SagyoKenmeiBango__c | D27: VARCHAR | E27: 1300 | F27: - | L27: {=IF(B26="", IF($L$6="PRIMARY_KEYS", ",PRIMARY KEY ("&_xlfn.TEXTJOIN(", ", TRUE, $C$8)&")" & CHAR(10) & ");", ");" ), " "&C26&" "&D26& _xlfn.IFS( E26="-", "", OR(D26="TIMESTAMP", D26="SMALLINT"), E26&IF(F26<>"-", ","&F26, ""), TRUE, "("&E26&IF(F26<>"-", ","&F26, "")&")" )& IF(G26<>"", " NOT NULL", "")& IF(H26<>"", ",", IF(B27<>"", ",", "") )& " -- "&B26 )} -> OkyakusamaBango14__c VARCHAR(14), -- お客様番号(14桁)
A28: =A27+1 -> 21 | B28: ステータス | C28: Status__c | D28: VARCHAR | E28: 20 | F28: - | I28: 「満了」以外のもののみ抽出 | L28: {=IF(B27="", IF($L$6="PRIMARY_KEYS", ",PRIMARY KEY ("&_xlfn.TEXTJOIN(", ", TRUE, $C$8)&")" & CHAR(10) & ");", ");" ), " "&C27&" "&D27& _xlfn.IFS( E27="-", "", OR(D27="TIMESTAMP", D27="SMALLINT"), E27&IF(F27<>"-", ","&F27, ""), TRUE, "("&E27&IF(F27<>"-", ","&F27, "")&")" )& IF(G27<>"", " NOT NULL", "")& IF(H27<>"", ",", IF(B28<>"", ",", "") )& " -- "&B27 )} -> SagyoKenmeiBango__c VARCHAR(1300), -- 作業件名番号
A29: =A28+1 -> 22 | B29: 作成者 | C29: CREATED_BY | D29: VARCHAR | E29: 50 | F29: - | G29: 〇 | L29: {=IF(B28="", IF($L$6="PRIMARY_KEYS", ",PRIMARY KEY ("&_xlfn.TEXTJOIN(", ", TRUE, $C$8)&")" & CHAR(10) & ");", ");" ), " "&C28&" "&D28& _xlfn.IFS( E28="-", "", OR(D28="TIMESTAMP", D28="SMALLINT"), E28&IF(F28<>"-", ","&F28, ""), TRUE, "("&E28&IF(F28<>"-", ","&F28, "")&")" )& IF(G28<>"", " NOT NULL", "")& IF(H28<>"", ",", IF(B29<>"", ",", "") )& " -- "&B28 )} -> Status__c VARCHAR(20), -- ステータス
A30: =A29+1 -> 23 | B30: 作成日時 | C30: CREATED_AT | D30: TIMESTAMP | E30: - | F30: - | G30: 〇 | I30: レコード作成日時 | L30: {=IF(B29="", IF($L$6="PRIMARY_KEYS", ",PRIMARY KEY ("&_xlfn.TEXTJOIN(", ", TRUE, $C$8)&")" & CHAR(10) & ");", ");" ), " "&C29&" "&D29& _xlfn.IFS( E29="-", "", OR(D29="TIMESTAMP", D29="SMALLINT"), E29&IF(F29<>"-", ","&F29, ""), TRUE, "("&E29&IF(F29<>"-", ","&F29, "")&")" )& IF(G29<>"", " NOT NULL", "")& IF(H29<>"", ",", IF(B30<>"", ",", "") )& " -- "&B29 )} -> CREATED_BY VARCHAR(50) NOT NULL, -- 作成者
A31: =A30+1 -> 24 | B31: 更新者 | C31: UPDATED_BY | D31: VARCHAR | E31: 50 | F31: - | L31: {=IF(B30="", IF($L$6="PRIMARY_KEYS", ",PRIMARY KEY ("&_xlfn.TEXTJOIN(", ", TRUE, $C$8)&")" & CHAR(10) & ");", ");" ), " "&C30&" "&D30& _xlfn.IFS( E30="-", "", OR(D30="TIMESTAMP", D30="SMALLINT"), E30&IF(F30<>"-", ","&F30, ""), TRUE, "("&E30&IF(F30<>"-", ","&F30, "")&")" )& IF(G30<>"", " NOT NULL", "")& IF(H30<>"", ",", IF(B31<>"", ",", "") )& " -- "&B30 )} -> CREATED_AT TIMESTAMP NOT NULL, -- 作成日時
A32: =A31+1 -> 25 | B32: 更新日時 | C32: UPDATED_AT | D32: TIMESTAMP | E32: - | F32: - | I32: レコード更新日時 | L32: {=IF(B31="", IF($L$6="PRIMARY_KEYS", ",PRIMARY KEY ("&_xlfn.TEXTJOIN(", ", TRUE, $C$8)&")" & CHAR(10) & ");", ");" ), " "&C31&" "&D31& _xlfn.IFS( E31="-", "", OR(D31="TIMESTAMP", D31="SMALLINT"), E31&IF(F31<>"-", ","&F31, ""), TRUE, "("&E31&IF(F31<>"-", ","&F31, "")&")" )& IF(G31<>"", " NOT NULL", "")& IF(H31<>"", ",", IF(B32<>"", ",", "") )& " -- "&B31 )} -> UPDATED_BY VARCHAR(50), -- 更新者
L33: {=IF(B32="", IF($L$6="PRIMARY_KEYS", ",PRIMARY KEY ("&_xlfn.TEXTJOIN(", ", TRUE, $C$8)&")" & CHAR(10) & ");", ");" ), " "&C32&" "&D32& _xlfn.IFS( E32="-", "", OR(D32="TIMESTAMP", D32="SMALLINT"), E32&IF(F32<>"-", ","&F32, ""), TRUE, "("&E32&IF(F32<>"-", ","&F32, "")&")" )& IF(G32<>"", " NOT NULL", "")& IF(H32<>"", ",", IF(B33<>"", ",", "") )& " -- "&B32 )} -> UPDATED_AT TIMESTAMP -- 更新日時
L34: {=IF(B33="", IF($L$6="PRIMARY_KEYS", ",PRIMARY KEY ("&_xlfn.TEXTJOIN(", ", TRUE, $C$8)&")" & CHAR(10) & ");", ");" ), " "&C33&" "&D33& _xlfn.IFS( E33="-", "", OR(D33="TIMESTAMP", D33="SMALLINT"), E33&IF(F33<>"-", ","&F33, ""), TRUE, "("&E33&IF(F33<>"-", ","&F33, "")&")" )& IF(G33<>"", " NOT NULL", "")& IF(H33<>"", ",", IF(B34<>"", ",", "") )& " -- "&B33 )} -> ,PRIMARY KEY (CMN_SupplyPointSpecificNum__c) );
L37: ="COMMENT ON TABLE db_corp." & $A$5 & " IS '" & $A$3 & "';" -> COMMENT ON TABLE db_corp.T_ARVE_CUSTOMER_INFO IS 'ARVEお客さま情報';
L38: ="COMMENT ON COLUMN db_corp." & $A$5&"."&C8&" IS '" &B8&"';" -> COMMENT ON COLUMN db_corp.T_ARVE_CUSTOMER_INFO.CMN_SupplyPointSpecificNum__c IS '供給地点特定番号(FK)';
L39: ="COMMENT ON COLUMN db_corp." & $A$5&"."&C9&" IS '" &B9&"';" -> COMMENT ON COLUMN db_corp.T_ARVE_CUSTOMER_INFO.CMN_BusinessType__c IS '業務種別';
L40: ="COMMENT ON COLUMN db_corp." & $A$5&"."&C10&" IS '" &B10&"';" -> COMMENT ON COLUMN db_corp.T_ARVE_CUSTOMER_INFO.CMN_OldCustomerNum__c IS 'お客さま番号';
L41: ="COMMENT ON COLUMN db_corp." & $A$5&"."&C11&" IS '" &B11&"';" -> COMMENT ON COLUMN db_corp.T_ARVE_CUSTOMER_INFO.CMN_PowerContract__c IS '契約電力(kW)';
L42: ="COMMENT ON COLUMN db_corp." & $A$5&"."&C12&" IS '" &B12&"';" -> COMMENT ON COLUMN db_corp.T_ARVE_CUSTOMER_INFO.CMN_ContractType__c IS '契約種別';
L43: ="COMMENT ON COLUMN db_corp." & $A$5&"."&C13&" IS '" &B13&"';" -> COMMENT ON COLUMN db_corp.T_ARVE_CUSTOMER_INFO.CMN_DemandLocationAddress__c IS '契約場所_住所';
L44: ="COMMENT ON COLUMN db_corp." & $A$5&"."&C14&" IS '" &B14&"';" -> COMMENT ON COLUMN db_corp.T_ARVE_CUSTOMER_INFO.CMN_LinkedSourceContractItem__c IS '紐づけ元契約商品';
L45: ="COMMENT ON COLUMN db_corp." & $A$5&"."&C15&" IS '" &B15&"';" -> COMMENT ON COLUMN db_corp.T_ARVE_CUSTOMER_INFO.CMN_OldJuyobasho__c IS '旧契約需要場所';
L46: ="COMMENT ON COLUMN db_corp." & $A$5&"."&C16&" IS '" &B16&"';" -> COMMENT ON COLUMN db_corp.T_ARVE_CUSTOMER_INFO.CMN_AcutualMaterReadingDate__c IS '計量日';
L47: ="COMMENT ON COLUMN db_corp." & $A$5&"."&C17&" IS '" &B17&"';" -> COMMENT ON COLUMN db_corp.T_ARVE_CUSTOMER_INFO.CMN_ContractEndDate2__c IS '契約終了日';
L48: ="COMMENT ON COLUMN db_corp." & $A$5&"."&C18&" IS '" &B18&"';" -> COMMENT ON COLUMN db_corp.T_ARVE_CUSTOMER_INFO.CMN_ContractStatus__c IS '契約状態';
L49: ="COMMENT ON COLUMN db_corp." & $A$5&"."&C19&" IS '" &B19&"';" -> COMMENT ON COLUMN db_corp.T_ARVE_CUSTOMER_INFO.CMN_DemandLocationFullName_Ref__c IS '契約場所_名義(姓)＿契約場所_名義(名)';
... L64: ="COMMENT ON COLUMN db_corp." & $A$5&"."&C34&" IS '" &B34&"';" -> COMMENT ON COLUMN db_corp.T_ARVE_CUSTOMER_INFO. IS '';

Sheet CO2集計レポート管理情報
D1: =修正履歴!E7 -> 2026/12/21
A2: テーブル名（日本語） | D2: システム名 | I2: 作成者 | J2: 承認者 | K2: 作成日
A3: CO2集計レポート管理情報 | D3: CNレポート作成アプリ「LecMoc」
A4: テーブル名（英語） | D4: スキーマ | I4: 更新者 | J4: 承認者 | K4: 更新日
A5: T_CO2_SUMMARY_REPORT_MNG_INFO | D5: DB_CORP
L6: PRIMARY_KEYS
A7: No | B7: 論理名 | C7: 物理名 | D7: 型 | E7: 長さ | F7: 精度 | G7: 必須 | H7: 主キー（PK） | I7: 備考 | L7: ="drop TABLE IF EXISTS db_corp."&A5&" CASCADE;" -> drop TABLE IF EXISTS db_corp.T_CO2_SUMMARY_REPORT_MNG_INFO CASCADE;
A8: 1 | B8: 識別子 | C8: CREATION_ID | D8: VARCHAR | E8: 80 | F8: - | G8: 〇 | H8: 1 | L8: ="CREATE TABLE IF NOT EXISTS db_corp."&A5&" (" -> CREATE TABLE IF NOT EXISTS db_corp.T_CO2_SUMMARY_REPORT_MNG_INFO (
A9: =A8+1 -> 2 | B9: ファイル名 | C9: FILE_NAME | D9: VARCHAR | E9: 255 | F9: - | L9: {=IF(B8="", IF($L$6="PRIMARY_KEYS", ",PRIMARY KEY ("&_xlfn.TEXTJOIN(", ", TRUE, $C$8)&")" & CHAR(10) & ");", ");" ), " "&C8&" "&D8& _xlfn.IFS( E8="-", "", OR(D8="TIMESTAMP", D8="SMALLINT"), E8&IF(F8<>"-", ","&F8, ""), TRUE, "("&E8&IF(F8<>"-", ","&F8, "")&")" )& IF(G8<>"", " NOT NULL", "")& IF(H8<>"", ",", IF(B9<>"", ",", "") )& " -- "&B8 )} -> CREATION_ID VARCHAR(80) NOT NULL, -- 識別子
A10: =A9+1 -> 3 | B10: ファイルパス | C10: FILE_PATH | D10: VARCHAR | E10: 255 | F10: - | L10: {=IF(B9="", IF($L$6="PRIMARY_KEYS", ",PRIMARY KEY ("&_xlfn.TEXTJOIN(", ", TRUE, $C$8)&")" & CHAR(10) & ");", ");" ), " "&C9&" "&D9& _xlfn.IFS( E9="-", "", OR(D9="TIMESTAMP", D9="SMALLINT"), E9&IF(F9<>"-", ","&F9, ""), TRUE, "("&E9&IF(F9<>"-", ","&F9, "")&")" )& IF(G9<>"", " NOT NULL", "")& IF(H9<>"", ",", IF(B10<>"", ",", "") )& " -- "&B9 )} -> FILE_NAME VARCHAR(255), -- ファイル名
A11: =A10+1 -> 4 | B11: ファイル作成日時 | C11: FILE_CREATED_AT | D11: TIMESTAMP | E11: - | F11: - | I11: ファイル作成完了日時。YYYYMMDDHHMM | L11: {=IF(B10="", IF($L$6="PRIMARY_KEYS", ",PRIMARY KEY ("&_xlfn.TEXTJOIN(", ", TRUE, $C$8)&")" & CHAR(10) & ");", ");" ), " "&C10&" "&D10& _xlfn.IFS( E10="-", "", OR(D10="TIMESTAMP", D10="SMALLINT"), E10&IF(F10<>"-", ","&F10, ""), TRUE, "("&E10&IF(F10<>"-", ","&F10, "")&")" )& IF(G10<>"", " NOT NULL", "")& IF(H10<>"", ",", IF(B11<>"", ",", "") )& " -- "&B10 )} -> FILE_PATH VARCHAR(255), -- ファイルパス
A12: =A11+1 -> 5 | B12: 作成状態 | C12: CREATE_STATUS | D12: VARCHAR | E12: 1 | F12: - | G12: 〇 | I12: 1:作成依頼 2:作成中 3:完了4:完了（警告）5:エラー | L12: {=IF(B11="", IF($L$6="PRIMARY_KEYS", ",PRIMARY KEY ("&_xlfn.TEXTJOIN(", ", TRUE, $C$8)&")" & CHAR(10) & ");", ");" ), " "&C11&" "&D11& _xlfn.IFS( E11="-", "", OR(D11="TIMESTAMP", D11="SMALLINT"), E11&IF(F11<>"-", ","&F11, ""), TRUE, "("&E11&IF(F11<>"-", ","&F11, "")&")" )& IF(G11<>"", " NOT NULL", "")& IF(H11<>"", ",", IF(B12<>"", ",", "") )& " -- "&B11 )} -> FILE_CREATED_AT TIMESTAMP, -- ファイル作成日時
A13: =A12+1 -> 6 | B13: 収集期間FROM年月 | C13: FROM_YEAR_MONTH | D13: VARCHAR | E13: 6 | F13: - | G13: 〇 | L13: {=IF(B12="", IF($L$6="PRIMARY_KEYS", ",PRIMARY KEY ("&_xlfn.TEXTJOIN(", ", TRUE, $C$8)&")" & CHAR(10) & ");", ");" ), " "&C12&" "&D12& _xlfn.IFS( E12="-", "", OR(D12="TIMESTAMP", D12="SMALLINT"), E12&IF(F12<>"-", ","&F12, ""), TRUE, "("&E12&IF(F12<>"-", ","&F12, "")&")" )& IF(G12<>"", " NOT NULL", "")& IF(H12<>"", ",", IF(B13<>"", ",", "") )& " -- "&B12 )} -> CREATE_STATUS VARCHAR(1) NOT NULL, -- 作成状態
A14: =A13+1 -> 7 | B14: 収集期間TO年月 | C14: TO_YEAR_MONTH | D14: VARCHAR | E14: 6 | F14: - | G14: 〇 | L14: {=IF(B13="", IF($L$6="PRIMARY_KEYS", ",PRIMARY KEY ("&_xlfn.TEXTJOIN(", ", TRUE, $C$8)&")" & CHAR(10) & ");", ");" ), " "&C13&" "&D13& _xlfn.IFS( E13="-", "", OR(D13="TIMESTAMP", D13="SMALLINT"), E13&IF(F13<>"-", ","&F13, ""), TRUE, "("&E13&IF(F13<>"-", ","&F13, "")&")" )& IF(G13<>"", " NOT NULL", "")& IF(H13<>"", ",", IF(B14<>"", ",", "") )& " -- "&B13 )} -> FROM_YEAR_MONTH VARCHAR(6) NOT NULL, -- 収集期間FROM年月
A15: =A14+1 -> 8 | B15: ファイル作成依頼日時 | C15: FILE_REQUESTED_AT | D15: TIMESTAMP | E15: - | F15: - | G15: 〇 | L15: {=IF(B14="", IF($L$6="PRIMARY_KEYS", ",PRIMARY KEY ("&_xlfn.TEXTJOIN(", ", TRUE, $C$8)&")" & CHAR(10) & ");", ");" ), " "&C14&" "&D14& _xlfn.IFS( E14="-", "", OR(D14="TIMESTAMP", D14="SMALLINT"), E14&IF(F14<>"-", ","&F14, ""), TRUE, "("&E14&IF(F14<>"-", ","&F14, "")&")" )& IF(G14<>"", " NOT NULL", "")& IF(H14<>"", ",", IF(B15<>"", ",", "") )& " -- "&B14 )} -> TO_YEAR_MONTH VARCHAR(6) NOT NULL, -- 収集期間TO年月
A16: =A14+1 -> 8 | B16: 組織ID（FK） | C16: ORG_ID | D16: VARCHAR | E16: 20 | F16: - | G16: 〇 | H16: 2 | L16: {=IF(B14="", IF($L$6="PRIMARY_KEYS", ",PRIMARY KEY ("&_xlfn.TEXTJOIN(", ", TRUE, $C$8)&")" & CHAR(10) & ");", ");" ), " "&C14&" "&D14& _xlfn.IFS( E14="-", "", OR(D14="TIMESTAMP", D14="SMALLINT"), E14&IF(F14<>"-", ","&F14, ""), TRUE, "("&E14&IF(F14<>"-", ","&F14, "")&")" )& IF(G14<>"", " NOT NULL", "")& IF(H14<>"", ",", IF(B16<>"", ",", "") )& " -- "&B14 )} -> TO_YEAR_MONTH VARCHAR(6) NOT NULL, -- 収集期間TO年月
A17: =A15+1 -> 9 | B17: ユーザー組織ID | C17: USER_ORG_ID | D17: VARCHAR | E17: 20 | F17: - | L17: {=IF(B15="", IF($L$6="PRIMARY_KEYS", ",PRIMARY KEY ("&_xlfn.TEXTJOIN(", ", TRUE, $C$8)&")" & CHAR(10) & ");", ");" ), " "&C15&" "&D15& _xlfn.IFS( E15="-", "", OR(D15="TIMESTAMP", D15="SMALLINT"), E15&IF(F15<>"-", ","&F15, ""), TRUE, "("&E15&IF(F15<>"-", ","&F15, "")&")" )& IF(G15<>"", " NOT NULL", "")& IF(H15<>"", ",", IF(B17<>"", ",", "") )& " -- "&B15 )} -> FILE_REQUESTED_AT TIMESTAMP NOT NULL, -- ファイル作成依頼日時
A18: =A17+1 -> 10 | B18: 作成者 | C18: CREATED_BY | D18: VARCHAR | E18: 50 | F18: - | L18: {=IF(B16="", IF($L$6="PRIMARY_KEYS", ",PRIMARY KEY ("&_xlfn.TEXTJOIN(", ", TRUE, $C$8)&")" & CHAR(10) & ");", ");" ), " "&C16&" "&D16& _xlfn.IFS( E16="-", "", OR(D16="TIMESTAMP", D16="SMALLINT"), E16&IF(F16<>"-", ","&F16, ""), TRUE, "("&E16&IF(F16<>"-", ","&F16, "")&")" )& IF(G16<>"", " NOT NULL", "")& IF(H16<>"", ",", IF(B18<>"", ",", "") )& " -- "&B16 )} -> ORG_ID VARCHAR(20) NOT NULL, -- 組織ID（FK）
A19: =A18+1 -> 11 | B19: 作成日時 | C19: CREATED_AT | D19: TIMESTAMP | E19: - | F19: - | I19: レコード作成日時 | L19: {=IF(B17="", IF($L$6="PRIMARY_KEYS", ",PRIMARY KEY ("&_xlfn.TEXTJOIN(", ", TRUE, $C$8)&")" & CHAR(10) & ");", ");" ), " "&C17&" "&D17& _xlfn.IFS( E17="-", "", OR(D17="TIMESTAMP", D17="SMALLINT"), E17&IF(F17<>"-", ","&F17, ""), TRUE, "("&E17&IF(F17<>"-", ","&F17, "")&")" )& IF(G17<>"", " NOT NULL", "")& IF(H17<>"", ",", IF(B19<>"", ",", "") )& " -- "&B17 )} -> USER_ORG_ID VARCHAR(20), -- ユーザー組織ID
A20: =A19+1 -> 12 | B20: 更新者 | C20: UPDATED_BY | D20: VARCHAR | E20: 50 | F20: - | L20: {=IF(B18="", IF($L$6="PRIMARY_KEYS", ",PRIMARY KEY ("&_xlfn.TEXTJOIN(", ", TRUE, $C$8)&")" & CHAR(10) & ");", ");" ), " "&C18&" "&D18& _xlfn.IFS( E18="-", "", OR(D18="TIMESTAMP", D18="SMALLINT"), E18&IF(F18<>"-", ","&F18, ""), TRUE, "("&E18&IF(F18<>"-", ","&F18, "")&")" )& IF(G18<>"", " NOT NULL", "")& IF(H18<>"", ",", IF(B20<>"", ",", "") )& " -- "&B18 )} -> CREATED_BY VARCHAR(50), -- 作成者
A21: =A20+1 -> 13 | B21: 更新日時 | C21: UPDATED_AT | D21: TIMESTAMP | E21: - | F21: - | I21: レコード更新日時 | L21: {=IF(B19="", IF($L$6="PRIMARY_KEYS", ",PRIMARY KEY ("&_xlfn.TEXTJOIN(", ", TRUE, $C$8)&")" & CHAR(10) & ");", ");" ), " "&C19&" "&D19& _xlfn.IFS( E19="-", "", OR(D19="TIMESTAMP", D19="SMALLINT"), E19&IF(F19<>"-", ","&F19, ""), TRUE, "("&E19&IF(F19<>"-", ","&F19, "")&")" )& IF(G19<>"", " NOT NULL", "")& IF(H19<>"", ",", IF(B21<>"", ",", "") )& " -- "&B19 )} -> CREATED_AT TIMESTAMP, -- 作成日時
L22: {=IF(B20="", IF($L$6="PRIMARY_KEYS", ",PRIMARY KEY ("&_xlfn.TEXTJOIN(", ", TRUE, $C$8)&")" & CHAR(10) & ");", ");" ), " "&C20&" "&D20& _xlfn.IFS( E20="-", "", OR(D20="TIMESTAMP", D20="SMALLINT"), E20&IF(F20<>"-", ","&F20, ""), TRUE, "("&E20&IF(F20<>"-", ","&F20, "")&")" )& IF(G20<>"", " NOT NULL", "")& IF(H20<>"", ",", IF(B22<>"", ",", "") )& " -- "&B20 )} -> UPDATED_BY VARCHAR(50) -- 更新者
L23: {=IF(B21="", IF($L$6="PRIMARY_KEYS", ",PRIMARY KEY ("&_xlfn.TEXTJOIN(", ", TRUE, $C$8)&")" & CHAR(10) & ");", ");" ), " "&C21&" "&D21& _xlfn.IFS( E21="-", "", OR(D21="TIMESTAMP", D21="SMALLINT"), E21&IF(F21<>"-", ","&F21, ""), TRUE, "("&E21&IF(F21<>"-", ","&F21, "")&")" )& IF(G21<>"", " NOT NULL", "")& IF(H21<>"", ",", IF(B23<>"", ",", "") )& " -- "&B21 )} -> UPDATED_AT TIMESTAMP -- 更新日時
L24: {=IF(B22="", IF($L$6="PRIMARY_KEYS", ",PRIMARY KEY ("&_xlfn.TEXTJOIN(", ", TRUE, $C$8, $C$16)&")" & CHAR(10) & ");", ");" ), " "&C22&" "&D22& _xlfn.IFS( E22="-", "", OR(D22="TIMESTAMP", D22="SMALLINT"), E22&IF(F22<>"-", ","&F22, ""), TRUE, "("&E22&IF(F22<>"-", ","&F22, "")&")" )& IF(G22<>"", " NOT NULL", "")& IF(H22<>"", ",", IF(B24<>"", ",", "") )& " -- "&B22 )} -> ,PRIMARY KEY (CREATION_ID, ORG_ID) );
L26: ="COMMENT ON TABLE db_corp." & A5 & " IS '" & A3 & "';" -> COMMENT ON TABLE db_corp.T_CO2_SUMMARY_REPORT_MNG_INFO IS 'CO2集計レポート管理情報';
L27: ="COMMENT ON COLUMN db_corp." & $A$5&"."&C8&" IS '" &B8&"';" -> COMMENT ON COLUMN db_corp.T_CO2_SUMMARY_REPORT_MNG_INFO.CREATION_ID IS '識別子';
L28: ="COMMENT ON COLUMN db_corp." & $A$5&"."&C9&" IS '" &B9&"';" -> COMMENT ON COLUMN db_corp.T_CO2_SUMMARY_REPORT_MNG_INFO.FILE_NAME IS 'ファイル名';
L29: ="COMMENT ON COLUMN db_corp." & $A$5&"."&C10&" IS '" &B10&"';" -> COMMENT ON COLUMN db_corp.T_CO2_SUMMARY_REPORT_MNG_INFO.FILE_PATH IS 'ファイルパス';
L30: ="COMMENT ON COLUMN db_corp." & $A$5&"."&C11&" IS '" &B11&"';" -> COMMENT ON COLUMN db_corp.T_CO2_SUMMARY_REPORT_MNG_INFO.FILE_CREATED_AT IS 'ファイル作成日時';
L31: ="COMMENT ON COLUMN db_corp." & $A$5&"."&C12&" IS '" &B12&"';" -> COMMENT ON COLUMN db_corp.T_CO2_SUMMARY_REPORT_MNG_INFO.CREATE_STATUS IS '作成状態';
L32: ="COMMENT ON COLUMN db_corp." & $A$5&"."&C13&" IS '" &B13&"';" -> COMMENT ON COLUMN db_corp.T_CO2_SUMMARY_REPORT_MNG_INFO.FROM_YEAR_MONTH IS '収集期間FROM年月';
L33: ="COMMENT ON COLUMN db_corp." & $A$5&"."&C14&" IS '" &B14&"';" -> COMMENT ON COLUMN db_corp.T_CO2_SUMMARY_REPORT_MNG_INFO.TO_YEAR_MONTH IS '収集期間TO年月';
L34: ="COMMENT ON COLUMN db_corp." & $A$5&"."&C15&" IS '" &B15&"';" -> COMMENT ON COLUMN db_corp.T_CO2_SUMMARY_REPORT_MNG_INFO.FILE_REQUESTED_AT IS 'ファイル作成依頼日時';
L35: ="COMMENT ON COLUMN db_corp." & $A$5&"."&C17&" IS '" &B17&"';" -> COMMENT ON COLUMN db_corp.T_CO2_SUMMARY_REPORT_MNG_INFO.USER_ORG_ID IS 'ユーザー組織ID';
L36: ="COMMENT ON COLUMN db_corp." & $A$5&"."&C18&" IS '" &B18&"';" -> COMMENT ON COLUMN db_corp.T_CO2_SUMMARY_REPORT_MNG_INFO.CREATED_BY IS '作成者';
L37: ="COMMENT ON COLUMN db_corp." & $A$5&"."&C19&" IS '" &B19&"';" -> COMMENT ON COLUMN db_corp.T_CO2_SUMMARY_REPORT_MNG_INFO.CREATED_AT IS '作成日時';
L38: ="COMMENT ON COLUMN db_corp." & $A$5&"."&C20&" IS '" &B20&"';" -> COMMENT ON COLUMN db_corp.T_CO2_SUMMARY_REPORT_MNG_INFO.UPDATED_BY IS '更新者';
L39: ="COMMENT ON COLUMN db_corp." & $A$5&"."&C21&" IS '" &B21&"';" -> COMMENT ON COLUMN db_corp.T_CO2_SUMMARY_REPORT_MNG_INFO.UPDATED_AT IS '更新日時';
L40: ="COMMENT ON COLUMN db_corp." & $A$5&"."&C22&" IS '" &B22&"';" -> COMMENT ON COLUMN db_corp.T_CO2_SUMMARY_REPORT_MNG_INFO. IS '';

Sheet 営業担当引継情報
D1: =修正履歴!E7 -> 2026/12/21
A2: テーブル名（日本語） | D2: システム名 | I2: 作成者 | J2: 承認者 | K2: 作成日
A3: 営業担当引継情報 | D3: CNレポート作成アプリ「LecMoc」
A4: テーブル名（英語） | D4: スキーマ | I4: 更新者 | J4: 承認者 | K4: 更新日
A5: T_SALES_USER_HANDOVER_INFO | D5: DB_CORP
L6: PRIMARY_KEYS
A7: No | B7: 論理名 | C7: 物理名 | D7: 型 | E7: 長さ | F7: 精度 | G7: 必須 | H7: 主キー（PK） | I7: 備考 | L7: ="drop TABLE IF EXISTS db_corp."&A5&" CASCADE;" -> drop TABLE IF EXISTS db_corp.T_SALES_USER_HANDOVER_INFO CASCADE;
A8: 1 | B8: 法人番号(FK) | C8: CORPORATE_NUMBER | D8: VARCHAR | E8: 13 | F8: - | G8: 〇 | H8: 1 | L8: ="CREATE TABLE IF NOT EXISTS db_corp."&A5&" (" -> CREATE TABLE IF NOT EXISTS db_corp.T_SALES_USER_HANDOVER_INFO (
A9: =A8+1 -> 2 | B9: 引継実施年月日時分秒 | C9: HANDOVERED_AT | D9: TIMESTAMP | E9: 12 | F9: - | L9: {=IF(B8="", IF($L$6="PRIMARY_KEYS", ",PRIMARY KEY ("&_xlfn.TEXTJOIN(", ", TRUE, $C$8)&")" & CHAR(10) & ");", ");" ), " "&C8&" "&D8& _xlfn.IFS( E8="-", "", OR(D8="TIMESTAMP", D8="SMALLINT"), E8&IF(F8<>"-", ","&F8, ""), TRUE, "("&E8&IF(F8<>"-", ","&F8, "")&")" )& IF(G8<>"", " NOT NULL", "")& IF(H8<>"", ",", IF(B9<>"", ",", "") )& " -- "&B8 )} -> CORPORATE_NUMBER VARCHAR(13) NOT NULL, -- 法人番号(FK)
A10: =A9+1 -> 3 | B10: 引継実施予定日 | C10: HANDOVER_SCHEDULE_DATE | D10: VARCHAR | E10: 8 | F10: - | G10: ○ | L10: {=IF(B9="", IF($L$6="PRIMARY_KEYS", ",PRIMARY KEY ("&_xlfn.TEXTJOIN(", ", TRUE, $C$8)&")" & CHAR(10) & ");", ");" ), " "&C9&" "&D9& _xlfn.IFS( E9="-", "", OR(D9="TIMESTAMP", D9="SMALLINT"), E9&IF(F9<>"-", ","&F9, ""), TRUE, "("&E9&IF(F9<>"-", ","&F9, "")&")" )& IF(G9<>"", " NOT NULL", "")& IF(H9<>"", ",", IF(B10<>"", ",", "") )& " -- "&B9 )} -> HANDOVERED_AT TIMESTAMP12, -- 引継実施年月日時分秒
A11: =A10+1 -> 4 | B11: 過去データ引継ぎフラグ | C11: REPORT_DATA_FLG | D11: BOOLEAN | E11: - | F11: - | L11: {=IF(B10="", IF($L$6="PRIMARY_KEYS", ",PRIMARY KEY ("&_xlfn.TEXTJOIN(", ", TRUE, $C$8)&")" & CHAR(10) & ");", ");" ), " "&C10&" "&D10& _xlfn.IFS( E10="-", "", OR(D10="TIMESTAMP", D10="SMALLINT"), E10&IF(F10<>"-", ","&F10, ""), TRUE, "("&E10&IF(F10<>"-", ","&F10, "")&")" )& IF(G10<>"", " NOT NULL", "")& IF(H10<>"", ",", IF(B11<>"", ",", "") )& " -- "&B10 )} -> HANDOVER_SCHEDULE_DATE VARCHAR(8) NOT NULL, -- 引継実施予定日
A12: =A11+1 -> 5 | B12: 引継元組織ID | C12: HANDOVER_FROM_ORG_ID | D12: VARCHAR | E12: 20 | F12: - | G12: 〇 | H12: 2 | L12: {=IF(B11="", IF($L$6="PRIMARY_KEYS", ",PRIMARY KEY ("&_xlfn.TEXTJOIN(", ", TRUE, $C$8)&")" & CHAR(10) & ");", ");" ), " "&C11&" "&D11& _xlfn.IFS( E11="-", "", OR(D11="TIMESTAMP", D11="SMALLINT"), E11&IF(F11<>"-", ","&F11, ""), TRUE, "("&E11&IF(F11<>"-", ","&F11, "")&")" )& IF(G11<>"", " NOT NULL", "")& IF(H11<>"", ",", IF(B12<>"", ",", "") )& " -- "&B11 )} -> REPORT_DATA_FLG BOOLEAN, -- 過去データ引継ぎフラグ
A13: =A12+1 -> 6 | B13: 引継元担当者ID | C13: HANDOVER_FROM_USER_ID | D13: VARCHAR | E13: 8 | F13: - | G13: 〇 | H13: 3 | L13: {=IF(B12="", IF($L$6="PRIMARY_KEYS", ",PRIMARY KEY ("&_xlfn.TEXTJOIN(", ", TRUE, $C$8)&")" & CHAR(10) & ");", ");" ), " "&C12&" "&D12& _xlfn.IFS( E12="-", "", OR(D12="TIMESTAMP", D12="SMALLINT"), E12&IF(F12<>"-", ","&F12, ""), TRUE, "("&E12&IF(F12<>"-", ","&F12, "")&")" )& IF(G12<>"", " NOT NULL", "")& IF(H12<>"", ",", IF(B13<>"", ",", "") )& " -- "&B12 )} -> HANDOVER_FROM_ORG_ID VARCHAR(20) NOT NULL, -- 引継元組織ID
A14: =A13+1 -> 7 | B14: 引継先組織ID | C14: HANDOVER_TO_ORG_ID | D14: VARCHAR | E14: 20 | F14: - | L14: {=IF(B13="", IF($L$6="PRIMARY_KEYS", ",PRIMARY KEY ("&_xlfn.TEXTJOIN(", ", TRUE, $C$8)&")" & CHAR(10) & ");", ");" ), " "&C13&" "&D13& _xlfn.IFS( E13="-", "", OR(D13="TIMESTAMP", D13="SMALLINT"), E13&IF(F13<>"-", ","&F13, ""), TRUE, "("&E13&IF(F13<>"-", ","&F13, "")&")" )& IF(G13<>"", " NOT NULL", "")& IF(H13<>"", ",", IF(B14<>"", ",", "") )& " -- "&B13 )} -> HANDOVER_FROM_USER_ID VARCHAR(8) NOT NULL, -- 引継元担当者ID
A15: =A14+1 -> 8 | B15: 引継先担当者ID | C15: HANDOVER_TO_USER_ID | D15: VARCHAR | E15: 8 | F15: - | L15: {=IF(B14="", IF($L$6="PRIMARY_KEYS", ",PRIMARY KEY ("&_xlfn.TEXTJOIN(", ", TRUE, $C$8)&")" & CHAR(10) & ");", ");" ), " "&C14&" "&D14& _xlfn.IFS( E14="-", "", OR(D14="TIMESTAMP", D14="SMALLINT"), E14&IF(F14<>"-", ","&F14, ""), TRUE, "("&E14&IF(F14<>"-", ","&F14, "")&")" )& IF(G14<>"", " NOT NULL", "")& IF(H14<>"", ",", IF(B15<>"", ",", "") )& " -- "&B14 )} -> HANDOVER_TO_ORG_ID VARCHAR(20), -- 引継先組織ID
A16: =A15+1 -> 9 | B16: 引継実施ステータス | C16: HANDOVER_STATUS | D16: VARCHAR | E16: 1 | F16: - | G16: ○ | L16: {=IF(B15="", IF($L$6="PRIMARY_KEYS", ",PRIMARY KEY ("&_xlfn.TEXTJOIN(", ", TRUE, $C$8)&")" & CHAR(10) & ");", ");" ), " "&C15&" "&D15& _xlfn.IFS( E15="-", "", OR(D15="TIMESTAMP", D15="SMALLINT"), E15&IF(F15<>"-", ","&F15, ""), TRUE, "("&E15&IF(F15<>"-", ","&F15, "")&")" )& IF(G15<>"", " NOT NULL", "")& IF(H15<>"", ",", IF(B16<>"", ",", "") )& " -- "&B15 )} -> HANDOVER_TO_USER_ID VARCHAR(8), -- 引継先担当者ID
A17: =A16+1 -> 10 | B17: 引継種別 | C17: HANDOVER_TYPE | D17: VARCHAR | E17: 1 | F17: - | G17: ○ | L17: {=IF(B16="", IF($L$6="PRIMARY_KEYS", ",PRIMARY KEY ("&_xlfn.TEXTJOIN(", ", TRUE, $C$8)&")" & CHAR(10) & ");", ");" ), " "&C16&" "&D16& _xlfn.IFS( E16="-", "", OR(D16="TIMESTAMP", D16="SMALLINT"), E16&IF(F16<>"-", ","&F16, ""), TRUE, "("&E16&IF(F16<>"-", ","&F16, "")&")" )& IF(G16<>"", " NOT NULL", "")& IF(H16<>"", ",", IF(B17<>"", ",", "") )& " -- "&B16 )} -> HANDOVER_STATUS VARCHAR(1) NOT NULL, -- 引継実施ステータス
A18: =A17+1 -> 11 | B18: 登録者ID | C18: CREATOR_ID | D18: VARCHAR | E18: 8 | F18: - | L18: {=IF(B17="", IF($L$6="PRIMARY_KEYS", ",PRIMARY KEY ("&_xlfn.TEXTJOIN(", ", TRUE, $C$8)&")" & CHAR(10) & ");", ");" ), " "&C17&" "&D17& _xlfn.IFS( E17="-", "", OR(D17="TIMESTAMP", D17="SMALLINT"), E17&IF(F17<>"-", ","&F17, ""), TRUE, "("&E17&IF(F17<>"-", ","&F17, "")&")" )& IF(G17<>"", " NOT NULL", "")& IF(H17<>"", ",", IF(B18<>"", ",", "") )& " -- "&B17 )} -> HANDOVER_TYPE VARCHAR(1) NOT NULL, -- 引継種別
A19: =A18+1 -> 12 | B19: 登録者組織ID | C19: CREATOR_ORG_ID | D19: VARCHAR | E19: 20 | F19: - | L19: {=IF(B18="", IF($L$6="PRIMARY_KEYS", ",PRIMARY KEY ("&_xlfn.TEXTJOIN(", ", TRUE, $C$8)&")" & CHAR(10) & ");", ");" ), " "&C18&" "&D18& _xlfn.IFS( E18="-", "", OR(D18="TIMESTAMP", D18="SMALLINT"), E18&IF(F18<>"-", ","&F18, ""), TRUE, "("&E18&IF(F18<>"-", ","&F18, "")&")" )& IF(G18<>"", " NOT NULL", "")& IF(H18<>"", ",", IF(B19<>"", ",", "") )& " -- "&B18 )} -> CREATOR_ID VARCHAR(8), -- 登録者ID
A20: =A19+1 -> 13 | B20: 登録日時 | C20: INSERT_DATETIME | D20: TIMESTAMP | E20: - | F20: - | L20: {=IF(B19="", IF($L$6="PRIMARY_KEYS", ",PRIMARY KEY ("&_xlfn.TEXTJOIN(", ", TRUE, $C$8)&")" & CHAR(10) & ");", ");" ), " "&C19&" "&D19& _xlfn.IFS( E19="-", "", OR(D19="TIMESTAMP", D19="SMALLINT"), E19&IF(F19<>"-", ","&F19, ""), TRUE, "("&E19&IF(F19<>"-", ","&F19, "")&")" )& IF(G19<>"", " NOT NULL", "")& IF(H19<>"", ",", IF(B20<>"", ",", "") )& " -- "&B19 )} -> CREATOR_ORG_ID VARCHAR(20), -- 登録者組織ID
A21: =A20+1 -> 14 | B21: 作成者 | C21: CREATED_BY | D21: VARCHAR | E21: 50 | F21: - | L21: {=IF(B20="", IF($L$6="PRIMARY_KEYS", ",PRIMARY KEY ("&_xlfn.TEXTJOIN(", ", TRUE, $C$8)&")" & CHAR(10) & ");", ");" ), " "&C20&" "&D20& _xlfn.IFS( E20="-", "", OR(D20="TIMESTAMP", D20="SMALLINT"), E20&IF(F20<>"-", ","&F20, ""), TRUE, "("&E20&IF(F20<>"-", ","&F20, "")&")" )& IF(G20<>"", " NOT NULL", "")& IF(H20<>"", ",", IF(B21<>"", ",", "") )& " -- "&B20 )} -> INSERT_DATETIME TIMESTAMP, -- 登録日時
A22: =A21+1 -> 15 | B22: 作成日時 | C22: CREATED_AT | D22: TIMESTAMP | E22: - | F22: - | L22: {=IF(B21="", IF($L$6="PRIMARY_KEYS", ",PRIMARY KEY ("&_xlfn.TEXTJOIN(", ", TRUE, $C$8, $C$16)&")" & CHAR(10) & ");", ");" ), " "&C21&" "&D21& _xlfn.IFS( E21="-", "", OR(D21="TIMESTAMP", D21="SMALLINT"), E21&IF(F21<>"-", ","&F21, ""), TRUE, "("&E21&IF(F21<>"-", ","&F21, "")&")" )& IF(G21<>"", " NOT NULL", "")& IF(H21<>"", ",", IF(B22<>"", ",", "") )& " -- "&B21 )} -> CREATED_BY VARCHAR(50), -- 作成者
A23: =A22+1 -> 16 | B23: 更新者 | C23: UPDATED_BY | D23: VARCHAR | E23: 50 | F23: - | L23: {=IF(B22="", IF($L$6="PRIMARY_KEYS", ",PRIMARY KEY ("&_xlfn.TEXTJOIN(", ", TRUE, $C$8, $C$16)&")" & CHAR(10) & ");", ");" ), " "&C22&" "&D22& _xlfn.IFS( E22="-", "", OR(D22="TIMESTAMP", D22="SMALLINT"), E22&IF(F22<>"-", ","&F22, ""), TRUE, "("&E22&IF(F22<>"-", ","&F22, "")&")" )& IF(G22<>"", " NOT NULL", "")& IF(H22<>"", ",", IF(B23<>"", ",", "") )& " -- "&B22 )} -> CREATED_AT TIMESTAMP, -- 作成日時
A24: =A23+1 -> 17 | B24: 更新日時 | C24: UPDATED_AT | D24: TIMESTAMP | E24: - | F24: - | L24: {=IF(B23="", IF($L$6="PRIMARY_KEYS", ",PRIMARY KEY ("&_xlfn.TEXTJOIN(", ", TRUE, $C$8, $C$16)&")" & CHAR(10) & ");", ");" ), " "&C23&" "&D23& _xlfn.IFS( E23="-", "", OR(D23="TIMESTAMP", D23="SMALLINT"), E23&IF(F23<>"-", ","&F23, ""), TRUE, "("&E23&IF(F23<>"-", ","&F23, "")&")" )& IF(G23<>"", " NOT NULL", "")& IF(H23<>"", ",", IF(B24<>"", ",", "") )& " -- "&B23 )} -> UPDATED_BY VARCHAR(50), -- 更新者
L25: {=IF(B24="", IF($L$6="PRIMARY_KEYS", ",PRIMARY KEY ("&_xlfn.TEXTJOIN(", ", TRUE, $C$8, $C$16)&")" & CHAR(10) & ");", ");" ), " "&C24&" "&D24& _xlfn.IFS( E24="-", "", OR(D24="TIMESTAMP", D24="SMALLINT"), E24&IF(F24<>"-", ","&F24, ""), TRUE, "("&E24&IF(F24<>"-", ","&F24, "")&")" )& IF(G24<>"", " NOT NULL", "")& IF(H24<>"", ",", IF(B25<>"", ",", "") )& " -- "&B24 )} -> UPDATED_AT TIMESTAMP -- 更新日時
L26: {=IF(B25="", IF($L$6="PRIMARY_KEYS", ",PRIMARY KEY ("&_xlfn.TEXTJOIN(", ", TRUE, $C$8, $C$12, $C$13)&")" & CHAR(10) & ");", ");" ), " "&C25&" "&D25& _xlfn.IFS( E25="-", "", OR(D25="TIMESTAMP", D25="SMALLINT"), E25&IF(F25<>"-", ","&F25, ""), TRUE, "("&E25&IF(F25<>"-", ","&F25, "")&")" )& IF(G25<>"", " NOT NULL", "")& IF(H25<>"", ",", IF(B26<>"", ",", "") )& " -- "&B25 )} -> ,PRIMARY KEY (CORPORATE_NUMBER, HANDOVER_FROM_ORG_ID, HANDOVER_FROM_USER_ID) );
L28: ="COMMENT ON TABLE db_corp." & A5 & " IS '" & A3 & "';" -> COMMENT ON TABLE db_corp.T_SALES_USER_HANDOVER_INFO IS '営業担当引継情報';
L29: ="COMMENT ON COLUMN db_corp." & $A$5&"."&C8&" IS '" &B8&"';" -> COMMENT ON COLUMN db_corp.T_SALES_USER_HANDOVER_INFO.CORPORATE_NUMBER IS '法人番号(FK)';
L30: ="COMMENT ON COLUMN db_corp." & $A$5&"."&C9&" IS '" &B9&"';" -> COMMENT ON COLUMN db_corp.T_SALES_USER_HANDOVER_INFO.HANDOVERED_AT IS '引継実施年月日時分秒';
L31: ="COMMENT ON COLUMN db_corp." & $A$5&"."&C10&" IS '" &B10&"';" -> COMMENT ON COLUMN db_corp.T_SALES_USER_HANDOVER_INFO.HANDOVER_SCHEDULE_DATE IS '引継実施予定日';
L32: ="COMMENT ON COLUMN db_corp." & $A$5&"."&C11&" IS '" &B11&"';" -> COMMENT ON COLUMN db_corp.T_SALES_USER_HANDOVER_INFO.REPORT_DATA_FLG IS '過去データ引継ぎフラグ';
L33: ="COMMENT ON COLUMN db_corp." & $A$5&"."&C12&" IS '" &B12&"';" -> COMMENT ON COLUMN db_corp.T_SALES_USER_HANDOVER_INFO.HANDOVER_FROM_ORG_ID IS '引継元組織ID';
L34: ="COMMENT ON COLUMN db_corp." & $A$5&"."&C13&" IS '" &B13&"';" -> COMMENT ON COLUMN db_corp.T_SALES_USER_HANDOVER_INFO.HANDOVER_FROM_USER_ID IS '引継元担当者ID';
L35: ="COMMENT ON COLUMN db_corp." & $A$5&"."&C14&" IS '" &B14&"';" -> COMMENT ON COLUMN db_corp.T_SALES_USER_HANDOVER_INFO.HANDOVER_TO_ORG_ID IS '引継先組織ID';
L36: ="COMMENT ON COLUMN db_corp." & $A$5&"."&C15&" IS '" &B15&"';" -> COMMENT ON COLUMN db_corp.T_SALES_USER_HANDOVER_INFO.HANDOVER_TO_USER_ID IS '引継先担当者ID';
L37: ="COMMENT ON COLUMN db_corp." & $A$5&"."&C16&" IS '" &B16&"';" -> COMMENT ON COLUMN db_corp.T_SALES_USER_HANDOVER_INFO.HANDOVER_STATUS IS '引継実施ステータス';
L38: ="COMMENT ON COLUMN db_corp." & $A$5&"."&C17&" IS '" &B17&"';" -> COMMENT ON COLUMN db_corp.T_SALES_USER_HANDOVER_INFO.HANDOVER_TYPE IS '引継種別';
L39: ="COMMENT ON COLUMN db_corp." & $A$5&"."&C18&" IS '" &B18&"';" -> COMMENT ON COLUMN db_corp.T_SALES_USER_HANDOVER_INFO.CREATOR_ID IS '登録者ID';
L40: ="COMMENT ON COLUMN db_corp." & $A$5&"."&C19&" IS '" &B19&"';" -> COMMENT ON COLUMN db_corp.T_SALES_USER_HANDOVER_INFO.CREATOR_ORG_ID IS '登録者組織ID';
... L45: ="COMMENT ON COLUMN db_corp." & $A$5&"."&C24&" IS '" &B24&"';" -> COMMENT ON COLUMN db_corp.T_SALES_USER_HANDOVER_INFO.UPDATED_AT IS '更新日時';

Sheet ユーザー情報
A2: テーブル名（日本語） | D2: システム名 | I2: 作成者 | J2: 承認者 | K2: 作成日
A3: ユーザー情報 | D3: CN可視化レポート作成アプリ（仮称）
A4: テーブル名（英語） | D4: スキーマ | I4: 更新者 | J4: 承認者 | K4: 更新日
A5: M_USER | D5: DB_CORP
L6: PRIMARY_KEYS
A7: No | B7: 論理名 | C7: 物理名 | D7: 型 | E7: 長さ | F7: 精度 | G7: 必須 | H7: 主キー（PK） | I7: 備考 | L7: ="drop TABLE IF EXISTS db_corp."&A5&" CASCADE;" -> drop TABLE IF EXISTS db_corp.M_USER CASCADE;
A8: 1 | B8: ユーザーID | C8: USER_ID | D8: VARCHAR | E8: 8 | F8: - | G8: 〇 | H8: 1 | L8: ="CREATE TABLE IF NOT EXISTS db_corp."&A5&" (" -> CREATE TABLE IF NOT EXISTS db_corp.M_USER (
A9: =A8+1 -> 2 | B9: ユーザー名 | C9: USER_NAME | D9: VARCHAR | E9: 50 | F9: - | G9: 〇 | L9: {=IF(B8="", IF($L$6="PRIMARY_KEYS", ",PRIMARY KEY ("&_xlfn.TEXTJOIN(", ", TRUE, $C$8)&")" & CHAR(10) & ");", ");" ), " "&C8&" "&D8& _xlfn.IFS( E8="-", "", OR(D8="TIMESTAMP", D8="SMALLINT"), E8&IF(F8<>"-", ","&F8, ""), TRUE, "("&E8&IF(F8<>"-", ","&F8, "")&")" )& IF(G8<>"", " NOT NULL", "")& IF(H8<>"", ",", IF(B9<>"", ",", "") )& " -- "&B8 )} -> USER_ID VARCHAR(8) NOT NULL, -- ユーザーID
A10: =A9+1 -> 3 | B10: メールアドレス | C10: EMAIL_ADDRESS | D10: VARCHAR | E10: 100 | F10: - | G10: 〇 | L10: {=IF(B9="", IF($L$6="PRIMARY_KEYS", ",PRIMARY KEY ("&_xlfn.TEXTJOIN(", ", TRUE, $C$8)&")" & CHAR(10) & ");", ");" ), " "&C9&" "&D9& _xlfn.IFS( E9="-", "", OR(D9="TIMESTAMP", D9="SMALLINT"), E9&IF(F9<>"-", ","&F9, ""), TRUE, "("&E9&IF(F9<>"-", ","&F9, "")&")" )& IF(G9<>"", " NOT NULL", "")& IF(H9<>"", ",", IF(B10<>"", ",", "") )& " -- "&B9 )} -> USER_NAME VARCHAR(50) NOT NULL, -- ユーザー名
A11: =A10+1 -> 4 | B11: 会社名 | C11: COMPANY_NAME | D11: VARCHAR | E11: 100 | F11: - | G11: 〇 | L11: {=IF(B10="", IF($L$6="PRIMARY_KEYS", ",PRIMARY KEY ("&_xlfn.TEXTJOIN(", ", TRUE, $C$8)&")" & CHAR(10) & ");", ");" ), " "&C10&" "&D10& _xlfn.IFS( E10="-", "", OR(D10="TIMESTAMP", D10="SMALLINT"), E10&IF(F10<>"-", ","&F10, ""), TRUE, "("&E10&IF(F10<>"-", ","&F10, "")&")" )& IF(G10<>"", " NOT NULL", "")& IF(H10<>"", ",", IF(B11<>"", ",", "") )& " -- "&B10 )} -> EMAIL_ADDRESS VARCHAR(100) NOT NULL, -- メールアドレス
A12: =A11+1 -> 5 | B12: 部門ID | C12: DEPARTMENT_ID | D12: VARCHAR | E12: 3 | F12: - | I12: 支店ID | L12: {=IF(B11="", IF($L$6="PRIMARY_KEYS", ",PRIMARY KEY ("&_xlfn.TEXTJOIN(", ", TRUE, $C$8)&")" & CHAR(10) & ");", ");" ), " "&C11&" "&D11& _xlfn.IFS( E11="-", "", OR(D11="TIMESTAMP", D11="SMALLINT"), E11&IF(F11<>"-", ","&F11, ""), TRUE, "("&E11&IF(F11<>"-", ","&F11, "")&")" )& IF(G11<>"", " NOT NULL", "")& IF(H11<>"", ",", IF(B12<>"", ",", "") )& " -- "&B11 )} -> COMPANY_NAME VARCHAR(100) NOT NULL, -- 会社名
A13: =A12+1 -> 6 | B13: パスワード | C13: USER_PASSWORD | D13: VARCHAR | E13: 100 | F13: - | L13: {=IF(B12="", IF($L$6="PRIMARY_KEYS", ",PRIMARY KEY ("&_xlfn.TEXTJOIN(", ", TRUE, $C$8)&")" & CHAR(10) & ");", ");" ), " "&C12&" "&D12& _xlfn.IFS( E12="-", "", OR(D12="TIMESTAMP", D12="SMALLINT"), E12&IF(F12<>"-", ","&F12, ""), TRUE, "("&E12&IF(F12<>"-", ","&F12, "")&")" )& IF(G12<>"", " NOT NULL", "")& IF(H12<>"", ",", IF(B13<>"", ",", "") )& " -- "&B12 )} -> DEPARTMENT_ID VARCHAR(3), -- 部門ID
A14: =A13+1 -> 7 | B14: 組織ID（FK） | C14: ORG_ID | D14: VARCHAR | E14: 20 | F14: - | L14: {=IF(B13="", IF($L$6="PRIMARY_KEYS", ",PRIMARY KEY ("&_xlfn.TEXTJOIN(", ", TRUE, $C$8)&")" & CHAR(10) & ");", ");" ), " "&C13&" "&D13& _xlfn.IFS( E13="-", "", OR(D13="TIMESTAMP", D13="SMALLINT"), E13&IF(F13<>"-", ","&F13, ""), TRUE, "("&E13&IF(F13<>"-", ","&F13, "")&")" )& IF(G13<>"", " NOT NULL", "")& IF(H13<>"", ",", IF(B14<>"", ",", "") )& " -- "&B13 )} -> USER_PASSWORD VARCHAR(100), -- パスワード
A15: =A14+1 -> 8 | B15: ロール | C15: USER_ROLE | D15: VARCHAR | E15: 10 | F15: - | G15: 〇 | I15: 0:管理者,1:一般ユーザー,9:親組織管理者 | L15: {=IF(B14="", IF($L$6="PRIMARY_KEYS", ",PRIMARY KEY ("&_xlfn.TEXTJOIN(", ", TRUE, $C$8)&")" & CHAR(10) & ");", ");" ), " "&C14&" "&D14& _xlfn.IFS( E14="-", "", OR(D14="TIMESTAMP", D14="SMALLINT"), E14&IF(F14<>"-", ","&F14, ""), TRUE, "("&E14&IF(F14<>"-", ","&F14, "")&")" )& IF(G14<>"", " NOT NULL", "")& IF(H14<>"", ",", IF(B15<>"", ",", "") )& " -- "&B14 )} -> ORG_ID VARCHAR(20), -- 組織ID（FK）
A16: =A15+1 -> 9 | B16: ステータス | C16: USER_STATUS | D16: VARCHAR | E16: 1 | F16: - | I16: 0:利用可能,1:登録処理中,2:申請受付済み | L16: {=IF(B15="", IF($L$6="PRIMARY_KEYS", ",PRIMARY KEY ("&_xlfn.TEXTJOIN(", ", TRUE, $C$8)&")" & CHAR(10) & ");", ");" ), " "&C15&" "&D15& _xlfn.IFS( E15="-", "", OR(D15="TIMESTAMP", D15="SMALLINT"), E15&IF(F15<>"-", ","&F15, ""), TRUE, "("&E15&IF(F15<>"-", ","&F15, "")&")" )& IF(G15<>"", " NOT NULL", "")& IF(H15<>"", ",", IF(B16<>"", ",", "") )& " -- "&B15 )} -> USER_ROLE VARCHAR(10) NOT NULL, -- ロール
A17: =A16+1 -> 10 | B17: 有効開始日 | C17: START_DATE | D17: DATE | E17: - | F17: - | I17: 利用開始日 | L17: {=IF(B16="", IF($L$6="PRIMARY_KEYS", ",PRIMARY KEY ("&_xlfn.TEXTJOIN(", ", TRUE, $C$8)&")" & CHAR(10) & ");", ");" ), " "&C16&" "&D16& _xlfn.IFS( E16="-", "", OR(D16="TIMESTAMP", D16="SMALLINT"), E16&IF(F16<>"-", ","&F16, ""), TRUE, "("&E16&IF(F16<>"-", ","&F16, "")&")" )& IF(G16<>"", " NOT NULL", "")& IF(H16<>"", ",", IF(B17<>"", ",", "") )& " -- "&B16 )} -> USER_STATUS VARCHAR(1), -- ステータス
A18: =A17+1 -> 11 | B18: 有効終了日 | C18: END_DATE | D18: DATE | E18: - | F18: - | I18: 利用終了日 | L18: {=IF(B17="", IF($L$6="PRIMARY_KEYS", ",PRIMARY KEY ("&_xlfn.TEXTJOIN(", ", TRUE, $C$8)&")" & CHAR(10) & ");", ");" ), " "&C17&" "&D17& _xlfn.IFS( E17="-", "", OR(D17="TIMESTAMP", D17="SMALLINT"), E17&IF(F17<>"-", ","&F17, ""), TRUE, "("&E17&IF(F17<>"-", ","&F17, "")&")" )& IF(G17<>"", " NOT NULL", "")& IF(H17<>"", ",", IF(B18<>"", ",", "") )& " -- "&B17 )} -> START_DATE DATE, -- 有効開始日
A19: =A18+1 -> 12 | B19: 削除フラグ | C19: DELETE_FLG | D19: BOOLEAN | E19: - | F19: - | G19: 〇 | I19: デフォルト値は「FALSE」に設定 | L19: {=IF(B18="", IF($L$6="PRIMARY_KEYS", ",PRIMARY KEY ("&_xlfn.TEXTJOIN(", ", TRUE, $C$8)&")" & CHAR(10) & ");", ");" ), " "&C18&" "&D18& _xlfn.IFS( E18="-", "", OR(D18="TIMESTAMP", D18="SMALLINT"), E18&IF(F18<>"-", ","&F18, ""), TRUE, "("&E18&IF(F18<>"-", ","&F18, "")&")" )& IF(G18<>"", " NOT NULL", "")& IF(H18<>"", ",", IF(B19<>"", ",", "") )& " -- "&B18 )} -> END_DATE DATE, -- 有効終了日
A20: =A19+1 -> 13 | B20: 作成者 | C20: CREATED_BY | D20: VARCHAR | E20: 50 | F20: - | L20: {=IF(B19="", IF($L$6="PRIMARY_KEYS", ",PRIMARY KEY ("&_xlfn.TEXTJOIN(", ", TRUE, $C$8)&")" & CHAR(10) & ");", ");" ), " "&C19&" "&D19& _xlfn.IFS( E19="-", "", OR(D19="TIMESTAMP", D19="SMALLINT"), E19&IF(F19<>"-", ","&F19, ""), TRUE, "("&E19&IF(F19<>"-", ","&F19, "")&")" )& IF(G19<>"", " NOT NULL", "")& IF(H19<>"", ",", IF(B20<>"", ",", "") )& " -- "&B19 )} -> DELETE_FLG BOOLEAN NOT NULL, -- 削除フラグ
A21: =A20+1 -> 14 | B21: 作成日時 | C21: CREATED_AT | D21: TIMESTAMP | E21: - | F21: - | L21: {=IF(B20="", IF($L$6="PRIMARY_KEYS", ",PRIMARY KEY ("&_xlfn.TEXTJOIN(", ", TRUE, $C$8)&")" & CHAR(10) & ");", ");" ), " "&C20&" "&D20& _xlfn.IFS( E20="-", "", OR(D20="TIMESTAMP", D20="SMALLINT"), E20&IF(F20<>"-", ","&F20, ""), TRUE, "("&E20&IF(F20<>"-", ","&F20, "")&")" )& IF(G20<>"", " NOT NULL", "")& IF(H20<>"", ",", IF(B21<>"", ",", "") )& " -- "&B20 )} -> CREATED_BY VARCHAR(50), -- 作成者
A22: =A21+1 -> 15 | B22: 更新者 | C22: UPDATED_BY | D22: VARCHAR | E22: 50 | F22: - | L22: {=IF(B21="", IF($L$6="PRIMARY_KEYS", ",PRIMARY KEY ("&_xlfn.TEXTJOIN(", ", TRUE, $C$8)&")" & CHAR(10) & ");", ");" ), " "&C21&" "&D21& _xlfn.IFS( E21="-", "", OR(D21="TIMESTAMP", D21="SMALLINT"), E21&IF(F21<>"-", ","&F21, ""), TRUE, "("&E21&IF(F21<>"-", ","&F21, "")&")" )& IF(G21<>"", " NOT NULL", "")& IF(H21<>"", ",", IF(B22<>"", ",", "") )& " -- "&B21 )} -> CREATED_AT TIMESTAMP, -- 作成日時
A23: =A22+1 -> 16 | B23: 更新日時 | C23: UPDATED_AT | D23: TIMESTAMP | E23: - | F23: - | L23: {=IF(B22="", IF($L$6="PRIMARY_KEYS", ",PRIMARY KEY ("&_xlfn.TEXTJOIN(", ", TRUE, $C$8)&")" & CHAR(10) & ");", ");" ), " "&C22&" "&D22& _xlfn.IFS( E22="-", "", OR(D22="TIMESTAMP", D22="SMALLINT"), E22&IF(F22<>"-", ","&F22, ""), TRUE, "("&E22&IF(F22<>"-", ","&F22, "")&")" )& IF(G22<>"", " NOT NULL", "")& IF(H22<>"", ",", IF(B23<>"", ",", "") )& " -- "&B22 )} -> UPDATED_BY VARCHAR(50), -- 更新者
L24: {=IF(B23="", IF($L$6="PRIMARY_KEYS", ",PRIMARY KEY ("&_xlfn.TEXTJOIN(", ", TRUE, $C$8)&")" & CHAR(10) & ");", ");" ), " "&C23&" "&D23& _xlfn.IFS( E23="-", "", OR(D23="TIMESTAMP", D23="SMALLINT"), E23&IF(F23<>"-", ","&F23, ""), TRUE, "("&E23&IF(F23<>"-", ","&F23, "")&")" )& IF(G23<>"", " NOT NULL", "")& IF(H23<>"", ",", IF(B24<>"", ",", "") )& " -- "&B23 )} -> UPDATED_AT TIMESTAMP -- 更新日時
L25: {=IF(B24="", IF($L$6="PRIMARY_KEYS", ",PRIMARY KEY ("&_xlfn.TEXTJOIN(", ", TRUE, $C$8)&")" & CHAR(10) & ");", ");" ), " "&C24&" "&D24& _xlfn.IFS( E24="-", "", OR(D24="TIMESTAMP", D24="SMALLINT"), E24&IF(F24<>"-", ","&F24, ""), TRUE, "("&E24&IF(F24<>"-", ","&F24, "")&")" )& IF(G24<>"", " NOT NULL", "")& IF(H24<>"", ",", IF(B25<>"", ",", "") )& " -- "&B24 )} -> ,PRIMARY KEY (USER_ID) );
L27: ="COMMENT ON TABLE db_corp." & A5 & " IS '" & A3 & "';" -> COMMENT ON TABLE db_corp.M_USER IS 'ユーザー情報';
L28: ="COMMENT ON COLUMN db_corp." & $A$5&"."&C8&" IS '" &B8&"';" -> COMMENT ON COLUMN db_corp.M_USER.USER_ID IS 'ユーザーID';
L29: ="COMMENT ON COLUMN db_corp." & $A$5&"."&C9&" IS '" &B9&"';" -> COMMENT ON COLUMN db_corp.M_USER.USER_NAME IS 'ユーザー名';
L30: ="COMMENT ON COLUMN db_corp." & $A$5&"."&C10&" IS '" &B10&"';" -> COMMENT ON COLUMN db_corp.M_USER.EMAIL_ADDRESS IS 'メールアドレス';
L31: ="COMMENT ON COLUMN db_corp." & $A$5&"."&C11&" IS '" &B11&"';" -> COMMENT ON COLUMN db_corp.M_USER.COMPANY_NAME IS '会社名';
L32: ="COMMENT ON COLUMN db_corp." & $A$5&"."&C12&" IS '" &B12&"';" -> COMMENT ON COLUMN db_corp.M_USER.DEPARTMENT_ID IS '部門ID';
L33: ="COMMENT ON COLUMN db_corp." & $A$5&"."&C13&" IS '" &B13&"';" -> COMMENT ON COLUMN db_corp.M_USER.USER_PASSWORD IS 'パスワード';
L34: ="COMMENT ON COLUMN db_corp." & $A$5&"."&C14&" IS '" &B14&"';" -> COMMENT ON COLUMN db_corp.M_USER.ORG_ID IS '組織ID（FK）';
L35: ="COMMENT ON COLUMN db_corp." & $A$5&"."&C15&" IS '" &B15&"';" -> COMMENT ON COLUMN db_corp.M_USER.USER_ROLE IS 'ロール';
L36: ="COMMENT ON COLUMN db_corp." & $A$5&"."&C16&" IS '" &B16&"';" -> COMMENT ON COLUMN db_corp.M_USER.USER_STATUS IS 'ステータス';
L37: ="COMMENT ON COLUMN db_corp." & $A$5&"."&C17&" IS '" &B17&"';" -> COMMENT ON COLUMN db_corp.M_USER.START_DATE IS '有効開始日';
L38: ="COMMENT ON COLUMN db_corp." & $A$5&"."&C18&" IS '" &B18&"';" -> COMMENT ON COLUMN db_corp.M_USER.END_DATE IS '有効終了日';
L39: ="COMMENT ON COLUMN db_corp." & $A$5&"."&C19&" IS '" &B19&"';" -> COMMENT ON COLUMN db_corp.M_USER.DELETE_FLG IS '削除フラグ';
... L44: ="COMMENT ON COLUMN db_corp." & $A$5&"."&C24&" IS '" &B24&"';" -> COMMENT ON COLUMN db_corp.M_USER. IS '';

Sheet 最終ログイン情報
A2: テーブル名（日本語） | D2: システム名 | I2: 作成者 | J2: 承認者 | K2: 作成日
A3: 最終ログイン情報 | D3: CN可視化レポート作成アプリ（仮称）
A4: テーブル名（英語） | D4: スキーマ | I4: 更新者 | J4: 承認者 | K4: 更新日
A5: T_LAST_LOGIN_INFO | D5: DB_CORP
L6: PRIMARY_KEYS
A7: No | B7: 論理名 | C7: 物理名 | D7: 型 | E7: 長さ | F7: 精度 | G7: 必須 | H7: 主キー（PK） | I7: 備考 | L7: ="drop TABLE IF EXISTS db_corp."&A5&" CASCADE;" -> drop TABLE IF EXISTS db_corp.T_LAST_LOGIN_INFO CASCADE;
A8: 1 | B8: ユーザーID | C8: USER_ID | D8: VARCHAR | E8: 8 | F8: - | G8: 〇 | H8: 1 | L8: ="CREATE TABLE IF NOT EXISTS db_corp."&A5&" (" -> CREATE TABLE IF NOT EXISTS db_corp.T_LAST_LOGIN_INFO (
A9: =A8+1 -> 2 | B9: 最終ログイン日時 | C9: LAST_LOGIN_DATETIME | D9: TIMESTAMP | E9: - | F9: - | G9: 〇 | I9: デフォルト値は「NOW」を設定 | L9: {=IF(B8="", IF($L$6="PRIMARY_KEYS", ",PRIMARY KEY ("&_xlfn.TEXTJOIN(", ", TRUE, $C$8)&")" & CHAR(10) & ");", ");" ), " "&C8&" "&D8& _xlfn.IFS( E8="-", "", OR(D8="TIMESTAMP", D8="SMALLINT"), E8&IF(F8<>"-", ","&F8, ""), TRUE, "("&E8&IF(F8<>"-", ","&F8, "")&")" )& IF(G8<>"", " NOT NULL", "")& IF(H8<>"", ",", IF(B9<>"", ",", "") )& " -- "&B8 )} -> USER_ID VARCHAR(8) NOT NULL, -- ユーザーID
A10: =A9+1 -> 3 | B10: セッションID | C10: SESSION_ID | D10: VARCHAR | E10: 64 | F10: - | G10: 〇 | L10: {=IF(B9="", IF($L$6="PRIMARY_KEYS", ",PRIMARY KEY ("&_xlfn.TEXTJOIN(", ", TRUE, $C$8)&")" & CHAR(10) & ");", ");" ), " "&C9&" "&D9& _xlfn.IFS( E9="-", "", OR(D9="TIMESTAMP", D9="SMALLINT"), E9&IF(F9<>"-", ","&F9, ""), TRUE, "("&E9&IF(F9<>"-", ","&F9, "")&")" )& IF(G9<>"", " NOT NULL", "")& IF(H9<>"", ",", IF(B10<>"", ",", "") )& " -- "&B9 )} -> LAST_LOGIN_DATETIME TIMESTAMP NOT NULL, -- 最終ログイン日時
A11: =A10+1 -> 4 | B11: 削除フラグ | C11: DELETE_FLG | D11: BOOLEAN | E11: - | F11: - | G11: 〇 | I11: デフォルト値は「FALSE」に設定 | L11: {=IF(B10="", IF($L$6="PRIMARY_KEYS", ",PRIMARY KEY ("&_xlfn.TEXTJOIN(", ", TRUE, $C$8)&")" & CHAR(10) & ");", ");" ), " "&C10&" "&D10& _xlfn.IFS( E10="-", "", OR(D10="TIMESTAMP", D10="SMALLINT"), E10&IF(F10<>"-", ","&F10, ""), TRUE, "("&E10&IF(F10<>"-", ","&F10, "")&")" )& IF(G10<>"", " NOT NULL", "")& IF(H10<>"", ",", IF(B11<>"", ",", "") )& " -- "&B10 )} -> SESSION_ID VARCHAR(64) NOT NULL, -- セッションID
A12: =A11+1 -> 5 | B12: 作成者 | C12: CREATED_BY | D12: VARCHAR | E12: 50 | F12: - | L12: {=IF(B11="", IF($L$6="PRIMARY_KEYS", ",PRIMARY KEY ("&_xlfn.TEXTJOIN(", ", TRUE, $C$8)&")" & CHAR(10) & ");", ");" ), " "&C11&" "&D11& _xlfn.IFS( E11="-", "", OR(D11="TIMESTAMP", D11="SMALLINT"), E11&IF(F11<>"-", ","&F11, ""), TRUE, "("&E11&IF(F11<>"-", ","&F11, "")&")" )& IF(G11<>"", " NOT NULL", "")& IF(H11<>"", ",", IF(B12<>"", ",", "") )& " -- "&B11 )} -> DELETE_FLG BOOLEAN NOT NULL, -- 削除フラグ
A13: =A12+1 -> 6 | B13: 作成日時 | C13: CREATED_AT | D13: TIMESTAMP | E13: - | F13: - | L13: {=IF(B12="", IF($L$6="PRIMARY_KEYS", ",PRIMARY KEY ("&_xlfn.TEXTJOIN(", ", TRUE, $C$8)&")" & CHAR(10) & ");", ");" ), " "&C12&" "&D12& _xlfn.IFS( E12="-", "", OR(D12="TIMESTAMP", D12="SMALLINT"), E12&IF(F12<>"-", ","&F12, ""), TRUE, "("&E12&IF(F12<>"-", ","&F12, "")&")" )& IF(G12<>"", " NOT NULL", "")& IF(H12<>"", ",", IF(B13<>"", ",", "") )& " -- "&B12 )} -> CREATED_BY VARCHAR(50), -- 作成者
A14: =A13+1 -> 7 | B14: 更新者 | C14: UPDATED_BY | D14: VARCHAR | E14: 50 | F14: - | L14: {=IF(B13="", IF($L$6="PRIMARY_KEYS", ",PRIMARY KEY ("&_xlfn.TEXTJOIN(", ", TRUE, $C$8)&")" & CHAR(10) & ");", ");" ), " "&C13&" "&D13& _xlfn.IFS( E13="-", "", OR(D13="TIMESTAMP", D13="SMALLINT"), E13&IF(F13<>"-", ","&F13, ""), TRUE, "("&E13&IF(F13<>"-", ","&F13, "")&")" )& IF(G13<>"", " NOT NULL", "")& IF(H13<>"", ",", IF(B14<>"", ",", "") )& " -- "&B13 )} -> CREATED_AT TIMESTAMP, -- 作成日時
A15: =A14+1 -> 8 | B15: 更新日時 | C15: UPDATED_AT | D15: TIMESTAMP | E15: - | F15: - | L15: {=IF(B14="", IF($L$6="PRIMARY_KEYS", ",PRIMARY KEY ("&_xlfn.TEXTJOIN(", ", TRUE, $C$8)&")" & CHAR(10) & ");", ");" ), " "&C14&" "&D14& _xlfn.IFS( E14="-", "", OR(D14="TIMESTAMP", D14="SMALLINT"), E14&IF(F14<>"-", ","&F14, ""), TRUE, "("&E14&IF(F14<>"-", ","&F14, "")&")" )& IF(G14<>"", " NOT NULL", "")& IF(H14<>"", ",", IF(B15<>"", ",", "") )& " -- "&B14 )} -> UPDATED_BY VARCHAR(50), -- 更新者
A16: =A15+1 -> 9 | L16: {=IF(B15="", IF($L$6="PRIMARY_KEYS", ",PRIMARY KEY ("&_xlfn.TEXTJOIN(", ", TRUE, $C$8)&")" & CHAR(10) & ");", ");" ), " "&C15&" "&D15& _xlfn.IFS( E15="-", "", OR(D15="TIMESTAMP", D15="SMALLINT"), E15&IF(F15<>"-", ","&F15, ""), TRUE, "("&E15&IF(F15<>"-", ","&F15, "")&")" )& IF(G15<>"", " NOT NULL", "")& IF(H15<>"", ",", IF(B16<>"", ",", "") )& " -- "&B15 )} -> UPDATED_AT TIMESTAMP -- 更新日時
A17: =A16+1 -> 10 | L17: {=IF(B16="", IF($L$6="PRIMARY_KEYS", ",PRIMARY KEY ("&_xlfn.TEXTJOIN(", ", TRUE, $C$8)&")" & CHAR(10) & ");", ");" ), " "&C16&" "&D16& _xlfn.IFS( E16="-", "", OR(D16="TIMESTAMP", D16="SMALLINT"), E16&IF(F16<>"-", ","&F16, ""), TRUE, "("&E16&IF(F16<>"-", ","&F16, "")&")" )& IF(G16<>"", " NOT NULL", "")& IF(H16<>"", ",", IF(B17<>"", ",", "") )& " -- "&B16 )} -> ,PRIMARY KEY (USER_ID) );
A18: =A17+1 -> 11
A19: =A18+1 -> 12
A20: =A19+1 -> 13
A21: =A20+1 -> 14
A22: =A21+1 -> 15
B24: ※m_userの外部テーブル
B25: ※API通信時セッションTBをリストで取得しなくていいように定義する
L26: ="COMMENT ON TABLE db_corp." & A5 & " IS '" & A3 & "';" -> COMMENT ON TABLE db_corp.T_LAST_LOGIN_INFO IS '最終ログイン情報';
L27: ="COMMENT ON COLUMN db_corp." & $A$5&"."&C8&" IS '" &B8&"';" -> COMMENT ON COLUMN db_corp.T_LAST_LOGIN_INFO.USER_ID IS 'ユーザーID';
L28: ="COMMENT ON COLUMN db_corp." & $A$5&"."&C9&" IS '" &B9&"';" -> COMMENT ON COLUMN db_corp.T_LAST_LOGIN_INFO.LAST_LOGIN_DATETIME IS '最終ログイン日時';
L29: ="COMMENT ON COLUMN db_corp." & $A$5&"."&C10&" IS '" &B10&"';" -> COMMENT ON COLUMN db_corp.T_LAST_LOGIN_INFO.SESSION_ID IS 'セッションID';
L30: ="COMMENT ON COLUMN db_corp." & $A$5&"."&C11&" IS '" &B11&"';" -> COMMENT ON COLUMN db_corp.T_LAST_LOGIN_INFO.DELETE_FLG IS '削除フラグ';
L31: ="COMMENT ON COLUMN db_corp." & $A$5&"."&C12&" IS '" &B12&"';" -> COMMENT ON COLUMN db_corp.T_LAST_LOGIN_INFO.CREATED_BY IS '作成者';
L32: ="COMMENT ON COLUMN db_corp." & $A$5&"."&C13&" IS '" &B13&"';" -> COMMENT ON COLUMN db_corp.T_LAST_LOGIN_INFO.CREATED_AT IS '作成日時';
L33: ="COMMENT ON COLUMN db_corp." & $A$5&"."&C14&" IS '" &B14&"';" -> COMMENT ON COLUMN db_corp.T_LAST_LOGIN_INFO.UPDATED_BY IS '更新者';
L34: ="COMMENT ON COLUMN db_corp." & $A$5&"."&C15&" IS '" &B15&"';" -> COMMENT ON COLUMN db_corp.T_LAST_LOGIN_INFO.UPDATED_AT IS '更新日時';

Sheet セッション情報
A2: テーブル名（日本語） | D2: システム名 | I2: 作成者 | J2: 承認者 | K2: 作成日
A3: セッション情報 | D3: CN可視化レポート作成アプリ（仮称）
A4: テーブル名（英語） | D4: スキーマ | I4: 更新者 | J4: 承認者 | K4: 更新日
A5: T_SESSION_INFO | D5: DB_CORP
L6: PRIMARY_KEYS
A7: No | B7: 論理名 | C7: 物理名 | D7: 型 | E7: 長さ | F7: 精度 | G7: 必須 | H7: 主キー（PK） | I7: 備考 | L7: ="drop TABLE IF EXISTS db_corp."&A5&" CASCADE;" -> drop TABLE IF EXISTS db_corp.T_SESSION_INFO CASCADE;
A8: 1 | B8: セッションID | C8: SESSION_ID | D8: VARCHAR | E8: 64 | F8: - | G8: 〇 | H8: 1 | I8: デフォルト値は「UUIDv4」 | L8: ="CREATE TABLE IF NOT EXISTS db_corp."&A5&" (" -> CREATE TABLE IF NOT EXISTS db_corp.T_SESSION_INFO (
A9: =A8+1 -> 2 | B9: ユーザーID | C9: USER_ID | D9: VARCHAR | E9: 8 | F9: - | G9: 〇 | L9: {=IF(B8="", IF($L$6="PRIMARY_KEYS", ",PRIMARY KEY ("&_xlfn.TEXTJOIN(", ", TRUE, $C$8)&")" & CHAR(10) & ");", ");" ), " "&C8&" "&D8& _xlfn.IFS( E8="-", "", OR(D8="TIMESTAMP", D8="SMALLINT"), E8&IF(F8<>"-", ","&F8, ""), TRUE, "("&E8&IF(F8<>"-", ","&F8, "")&")" )& IF(G8<>"", " NOT NULL", "")& IF(H8<>"", ",", IF(B9<>"", ",", "") )& " -- "&B8 )} -> SESSION_ID VARCHAR(64) NOT NULL, -- セッションID
A10: =A9+1 -> 3 | B10: アクティブフラグ | C10: IS_ACTIVE | D10: BOOLEAN | E10: - | F10: - | G10: 〇 | I10: デフォルト値は「TRUE」に設定 | L10: {=IF(B9="", IF($L$6="PRIMARY_KEYS", ",PRIMARY KEY ("&_xlfn.TEXTJOIN(", ", TRUE, $C$8)&")" & CHAR(10) & ");", ");" ), " "&C9&" "&D9& _xlfn.IFS( E9="-", "", OR(D9="TIMESTAMP", D9="SMALLINT"), E9&IF(F9<>"-", ","&F9, ""), TRUE, "("&E9&IF(F9<>"-", ","&F9, "")&")" )& IF(G9<>"", " NOT NULL", "")& IF(H9<>"", ",", IF(B10<>"", ",", "") )& " -- "&B9 )} -> USER_ID VARCHAR(8) NOT NULL, -- ユーザーID
A11: =A10+1 -> 4 | B11: 削除フラグ | C11: DELETE_FLG | D11: BOOLEAN | E11: - | F11: - | G11: 〇 | I11: デフォルト値は「FALSE」に設定 | L11: {=IF(B10="", IF($L$6="PRIMARY_KEYS", ",PRIMARY KEY ("&_xlfn.TEXTJOIN(", ", TRUE, $C$8)&")" & CHAR(10) & ");", ");" ), " "&C10&" "&D10& _xlfn.IFS( E10="-", "", OR(D10="TIMESTAMP", D10="SMALLINT"), E10&IF(F10<>"-", ","&F10, ""), TRUE, "("&E10&IF(F10<>"-", ","&F10, "")&")" )& IF(G10<>"", " NOT NULL", "")& IF(H10<>"", ",", IF(B11<>"", ",", "") )& " -- "&B10 )} -> IS_ACTIVE BOOLEAN NOT NULL, -- アクティブフラグ
A12: =A11+1 -> 5 | B12: 作成者 | C12: CREATED_BY | D12: VARCHAR | E12: 50 | F12: - | L12: {=IF(B11="", IF($L$6="PRIMARY_KEYS", ",PRIMARY KEY ("&_xlfn.TEXTJOIN(", ", TRUE, $C$8)&")" & CHAR(10) & ");", ");" ), " "&C11&" "&D11& _xlfn.IFS( E11="-", "", OR(D11="TIMESTAMP", D11="SMALLINT"), E11&IF(F11<>"-", ","&F11, ""), TRUE, "("&E11&IF(F11<>"-", ","&F11, "")&")" )& IF(G11<>"", " NOT NULL", "")& IF(H11<>"", ",", IF(B12<>"", ",", "") )& " -- "&B11 )} -> DELETE_FLG BOOLEAN NOT NULL, -- 削除フラグ
A13: =A12+1 -> 6 | B13: 作成日時 | C13: CREATED_AT | D13: TIMESTAMP | E13: - | F13: - | L13: {=IF(B12="", IF($L$6="PRIMARY_KEYS", ",PRIMARY KEY ("&_xlfn.TEXTJOIN(", ", TRUE, $C$8)&")" & CHAR(10) & ");", ");" ), " "&C12&" "&D12& _xlfn.IFS( E12="-", "", OR(D12="TIMESTAMP", D12="SMALLINT"), E12&IF(F12<>"-", ","&F12, ""), TRUE, "("&E12&IF(F12<>"-", ","&F12, "")&")" )& IF(G12<>"", " NOT NULL", "")& IF(H12<>"", ",", IF(B13<>"", ",", "") )& " -- "&B12 )} -> CREATED_BY VARCHAR(50), -- 作成者
A14: =A13+1 -> 7 | B14: 更新者 | C14: UPDATED_BY | D14: VARCHAR | E14: 50 | F14: - | L14: {=IF(B13="", IF($L$6="PRIMARY_KEYS", ",PRIMARY KEY ("&_xlfn.TEXTJOIN(", ", TRUE, $C$8)&")" & CHAR(10) & ");", ");" ), " "&C13&" "&D13& _xlfn.IFS( E13="-", "", OR(D13="TIMESTAMP", D13="SMALLINT"), E13&IF(F13<>"-", ","&F13, ""), TRUE, "("&E13&IF(F13<>"-", ","&F13, "")&")" )& IF(G13<>"", " NOT NULL", "")& IF(H13<>"", ",", IF(B14<>"", ",", "") )& " -- "&B13 )} -> CREATED_AT TIMESTAMP, -- 作成日時
A15: =A14+1 -> 8 | B15: 更新日時 | C15: UPDATED_AT | D15: TIMESTAMP | E15: - | F15: - | L15: {=IF(B14="", IF($L$6="PRIMARY_KEYS", ",PRIMARY KEY ("&_xlfn.TEXTJOIN(", ", TRUE, $C$8)&")" & CHAR(10) & ");", ");" ), " "&C14&" "&D14& _xlfn.IFS( E14="-", "", OR(D14="TIMESTAMP", D14="SMALLINT"), E14&IF(F14<>"-", ","&F14, ""), TRUE, "("&E14&IF(F14<>"-", ","&F14, "")&")" )& IF(G14<>"", " NOT NULL", "")& IF(H14<>"", ",", IF(B15<>"", ",", "") )& " -- "&B14 )} -> UPDATED_BY VARCHAR(50), -- 更新者
A16: =A15+1 -> 9 | L16: {=IF(B15="", IF($L$6="PRIMARY_KEYS", ",PRIMARY KEY ("&_xlfn.TEXTJOIN(", ", TRUE, $C$8)&")" & CHAR(10) & ");", ");" ), " "&C15&" "&D15& _xlfn.IFS( E15="-", "", OR(D15="TIMESTAMP", D15="SMALLINT"), E15&IF(F15<>"-", ","&F15, ""), TRUE, "("&E15&IF(F15<>"-", ","&F15, "")&")" )& IF(G15<>"", " NOT NULL", "")& IF(H15<>"", ",", IF(B16<>"", ",", "") )& " -- "&B15 )} -> UPDATED_AT TIMESTAMP -- 更新日時
A17: =A16+1 -> 10 | L17: {=IF(B16="", IF($L$6="PRIMARY_KEYS", ",PRIMARY KEY ("&_xlfn.TEXTJOIN(", ", TRUE, $C$8)&")" & CHAR(10) & ");", ");" ), " "&C16&" "&D16& _xlfn.IFS( E16="-", "", OR(D16="TIMESTAMP", D16="SMALLINT"), E16&IF(F16<>"-", ","&F16, ""), TRUE, "("&E16&IF(F16<>"-", ","&F16, "")&")" )& IF(G16<>"", " NOT NULL", "")& IF(H16<>"", ",", IF(B17<>"", ",", "") )& " -- "&B16 )} -> ,PRIMARY KEY (SESSION_ID) );
A18: =A17+1 -> 11
A19: =A18+1 -> 12
A20: =A19+1 -> 13
A21: =A20+1 -> 14
A22: =A21+1 -> 15
L26: ="COMMENT ON TABLE db_corp." & A5 & " IS '" & A3 & "';" -> COMMENT ON TABLE db_corp.T_SESSION_INFO IS 'セッション情報';
B27: ※IS_ACTIVE＝セッションが有効かどうか | L27: ="COMMENT ON COLUMN db_corp." & $A$5&"."&C8&" IS '" &B8&"';" -> COMMENT ON COLUMN db_corp.T_SESSION_INFO.SESSION_ID IS 'セッションID';
L28: ="COMMENT ON COLUMN db_corp." & $A$5&"."&C9&" IS '" &B9&"';" -> COMMENT ON COLUMN db_corp.T_SESSION_INFO.USER_ID IS 'ユーザーID';
L29: ="COMMENT ON COLUMN db_corp." & $A$5&"."&C10&" IS '" &B10&"';" -> COMMENT ON COLUMN db_corp.T_SESSION_INFO.IS_ACTIVE IS 'アクティブフラグ';
L30: ="COMMENT ON COLUMN db_corp." & $A$5&"."&C11&" IS '" &B11&"';" -> COMMENT ON COLUMN db_corp.T_SESSION_INFO.DELETE_FLG IS '削除フラグ';
L31: ="COMMENT ON COLUMN db_corp." & $A$5&"."&C12&" IS '" &B12&"';" -> COMMENT ON COLUMN db_corp.T_SESSION_INFO.CREATED_BY IS '作成者';
L32: ="COMMENT ON COLUMN db_corp." & $A$5&"."&C13&" IS '" &B13&"';" -> COMMENT ON COLUMN db_corp.T_SESSION_INFO.CREATED_AT IS '作成日時';
L33: ="COMMENT ON COLUMN db_corp." & $A$5&"."&C14&" IS '" &B14&"';" -> COMMENT ON COLUMN db_corp.T_SESSION_INFO.UPDATED_BY IS '更新者';
L34: ="COMMENT ON COLUMN db_corp." & $A$5&"."&C15&" IS '" &B15&"';" -> COMMENT ON COLUMN db_corp.T_SESSION_INFO.UPDATED_AT IS '更新日時';
L35: ="COMMENT ON COLUMN db_corp." & $A$5&"."&C16&" IS '" &B16&"';" -> COMMENT ON COLUMN db_corp.T_SESSION_INFO. IS '';
L36: ="COMMENT ON COLUMN db_corp." & $A$5&"."&C17&" IS '" &B17&"';" -> COMMENT ON COLUMN db_corp.T_SESSION_INFO. IS '';

Sheet 都道府県情報マスタ
A2: テーブル名（日本語） | D2: システム名 | I2: 作成者 | J2: 承認者 | K2: 作成日
A3: 都道府県情報マスタ | D3: CN可視化レポート作成アプリ（仮称）
A4: テーブル名（英語） | D4: スキーマ | I4: 更新者 | J4: 承認者 | K4: 更新日
A5: PREFECTURE_MST | D5: DB_COMMON
L6: PRIMARY_KEYS
A7: No | B7: 論理名 | C7: 物理名 | D7: 型 | E7: 長さ | F7: 精度 | G7: 必須 | H7: 主キー（PK） | I7: 備考 | L7: ="drop TABLE IF EXISTS db_common."&A5&" CASCADE;" -> drop TABLE IF EXISTS db_common.PREFECTURE_MST CASCADE;
A8: 1 | B8: 都道府県コード | C8: PREF_CD | D8: VARCHAR | E8: 2 | F8: - | G8: 〇 | H8: 1 | L8: ="CREATE TABLE IF NOT EXISTS db_corp."&A5&" (" -> CREATE TABLE IF NOT EXISTS db_corp.PREFECTURE_MST (
A9: 2 | B9: 都道府県名 | C9: PREF_NM | D9: VARCHAR | E9: 4 | F9: - | L9: {=IF(B8="", IF($L$6="PRIMARY_KEYS", ",PRIMARY KEY ("&_xlfn.TEXTJOIN(", ", TRUE, $C$8)&")" & CHAR(10) & ");", ");" ), " "&C8&" "&D8& _xlfn.IFS( E8="-", "", OR(D8="TIMESTAMP", D8="SMALLINT"), E8&IF(F8<>"-", ","&F8, ""), TRUE, "("&E8&IF(F8<>"-", ","&F8, "")&")" )& IF(G8<>"", " NOT NULL", "")& IF(H8<>"", ",", IF(B9<>"", ",", "") )& " -- "&B8 )} -> PREF_CD VARCHAR(2) NOT NULL, -- 都道府県コード
A10: 3 | B10: 削除フラグ | C10: DELETE_FLAG | D10: BOOLEAN | E10: - | F10: - | G10: 〇 | I10: デフォルト値は「FALSE」に設定 | L10: {=IF(B9="", IF($L$6="PRIMARY_KEYS", ",PRIMARY KEY ("&_xlfn.TEXTJOIN(", ", TRUE, $C$8)&")" & CHAR(10) & ");", ");" ), " "&C9&" "&D9& _xlfn.IFS( E9="-", "", OR(D9="TIMESTAMP", D9="SMALLINT"), E9&IF(F9<>"-", ","&F9, ""), TRUE, "("&E9&IF(F9<>"-", ","&F9, "")&")" )& IF(G9<>"", " NOT NULL", "")& IF(H9<>"", ",", IF(B10<>"", ",", "") )& " -- "&B9 )} -> PREF_NM VARCHAR(4), -- 都道府県名
A11: 4 | B11: 作成者 | C11: CREATED_BY | D11: VARCHAR | E11: 50 | F11: - | L11: {=IF(B10="", IF($L$6="PRIMARY_KEYS", ",PRIMARY KEY ("&_xlfn.TEXTJOIN(", ", TRUE, $C$8)&")" & CHAR(10) & ");", ");" ), " "&C10&" "&D10& _xlfn.IFS( E10="-", "", OR(D10="TIMESTAMP", D10="SMALLINT"), E10&IF(F10<>"-", ","&F10, ""), TRUE, "("&E10&IF(F10<>"-", ","&F10, "")&")" )& IF(G10<>"", " NOT NULL", "")& IF(H10<>"", ",", IF(B11<>"", ",", "") )& " -- "&B10 )} -> DELETE_FLAG BOOLEAN NOT NULL, -- 削除フラグ
A12: 5 | B12: 作成日時 | C12: CREATED_AT | D12: TIMESTAMP | E12: - | F12: - | L12: {=IF(B11="", IF($L$6="PRIMARY_KEYS", ",PRIMARY KEY ("&_xlfn.TEXTJOIN(", ", TRUE, $C$8)&")" & CHAR(10) & ");", ");" ), " "&C11&" "&D11& _xlfn.IFS( E11="-", "", OR(D11="TIMESTAMP", D11="SMALLINT"), E11&IF(F11<>"-", ","&F11, ""), TRUE, "("&E11&IF(F11<>"-", ","&F11, "")&")" )& IF(G11<>"", " NOT NULL", "")& IF(H11<>"", ",", IF(B12<>"", ",", "") )& " -- "&B11 )} -> CREATED_BY VARCHAR(50), -- 作成者
A13: 6 | B13: 更新者 | C13: UPDATED_BY | D13: VARCHAR | E13: 50 | F13: - | L13: {=IF(B12="", IF($L$6="PRIMARY_KEYS", ",PRIMARY KEY ("&_xlfn.TEXTJOIN(", ", TRUE, $C$8)&")" & CHAR(10) & ");", ");" ), " "&C12&" "&D12& _xlfn.IFS( E12="-", "", OR(D12="TIMESTAMP", D12="SMALLINT"), E12&IF(F12<>"-", ","&F12, ""), TRUE, "("&E12&IF(F12<>"-", ","&F12, "")&")" )& IF(G12<>"", " NOT NULL", "")& IF(H12<>"", ",", IF(B13<>"", ",", "") )& " -- "&B12 )} -> CREATED_AT TIMESTAMP, -- 作成日時
A14: 7 | B14: 更新日時 | C14: UPDATED_AT | D14: TIMESTAMP | E14: - | F14: - | L14: {=IF(B13="", IF($L$6="PRIMARY_KEYS", ",PRIMARY KEY ("&_xlfn.TEXTJOIN(", ", TRUE, $C$8)&")" & CHAR(10) & ");", ");" ), " "&C13&" "&D13& _xlfn.IFS( E13="-", "", OR(D13="TIMESTAMP", D13="SMALLINT"), E13&IF(F13<>"-", ","&F13, ""), TRUE, "("&E13&IF(F13<>"-", ","&F13, "")&")" )& IF(G13<>"", " NOT NULL", "")& IF(H13<>"", ",", IF(B14<>"", ",", "") )& " -- "&B13 )} -> UPDATED_BY VARCHAR(50), -- 更新者
L15: {=IF(B14="", IF($L$6="PRIMARY_KEYS", ",PRIMARY KEY ("&_xlfn.TEXTJOIN(", ", TRUE, $C$8)&")" & CHAR(10) & ");", ");" ), " "&C14&" "&D14& _xlfn.IFS( E14="-", "", OR(D14="TIMESTAMP", D14="SMALLINT"), E14&IF(F14<>"-", ","&F14, ""), TRUE, "("&E14&IF(F14<>"-", ","&F14, "")&")" )& IF(G14<>"", " NOT NULL", "")& IF(H14<>"", ",", IF(B15<>"", ",", "") )& " -- "&B14 )} -> UPDATED_AT TIMESTAMP -- 更新日時
L16: {=IF(B15="", IF($L$6="PRIMARY_KEYS", ",PRIMARY KEY ("&_xlfn.TEXTJOIN(", ", TRUE, $C$8)&")" & CHAR(10) & ");", ");" ), " "&C15&" "&D15& _xlfn.IFS( E15="-", "", OR(D15="TIMESTAMP", D15="SMALLINT"), E15&IF(F15<>"-", ","&F15, ""), TRUE, "("&E15&IF(F15<>"-", ","&F15, "")&")" )& IF(G15<>"", " NOT NULL", "")& IF(H15<>"", ",", IF(B16<>"", ",", "") )& " -- "&B15 )} -> ,PRIMARY KEY (PREF_CD) );
L18: ="COMMENT ON TABLE db_corp." & A5 & " IS '" & A3 & "';" -> COMMENT ON TABLE db_corp.PREFECTURE_MST IS '都道府県情報マスタ';
L19: ="COMMENT ON COLUMN db_corp." & $A$5&"."&C8&" IS '" &B8&"';" -> COMMENT ON COLUMN db_corp.PREFECTURE_MST.PREF_CD IS '都道府県コード';
L20: ="COMMENT ON COLUMN db_corp." & $A$5&"."&C9&" IS '" &B9&"';" -> COMMENT ON COLUMN db_corp.PREFECTURE_MST.PREF_NM IS '都道府県名';
L21: ="COMMENT ON COLUMN db_corp." & $A$5&"."&C10&" IS '" &B10&"';" -> COMMENT ON COLUMN db_corp.PREFECTURE_MST.DELETE_FLAG IS '削除フラグ';
L22: ="COMMENT ON COLUMN db_corp." & $A$5&"."&C11&" IS '" &B11&"';" -> COMMENT ON COLUMN db_corp.PREFECTURE_MST.CREATED_BY IS '作成者';
L23: ="COMMENT ON COLUMN db_corp." & $A$5&"."&C12&" IS '" &B12&"';" -> COMMENT ON COLUMN db_corp.PREFECTURE_MST.CREATED_AT IS '作成日時';
L24: ="COMMENT ON COLUMN db_corp." & $A$5&"."&C13&" IS '" &B13&"';" -> COMMENT ON COLUMN db_corp.PREFECTURE_MST.UPDATED_BY IS '更新者';
L25: ="COMMENT ON COLUMN db_corp." & $A$5&"."&C14&" IS '" &B14&"';" -> COMMENT ON COLUMN db_corp.PREFECTURE_MST.UPDATED_AT IS '更新日時';

Sheet 利用者組織情報
A2: テーブル名（日本語） | D2: システム名 | I2: 作成者 | J2: 承認者 | K2: 作成日
A3: 利用者組織情報 | D3: CN可視化レポート作成アプリ（仮称）
A4: テーブル名（英語） | D4: スキーマ | I4: 更新者 | J4: 承認者 | K4: 更新日
A5: M_USER_ORGANIZATION_INFO | D5: DB_CORP
L6: PRIMARY_KEYS
A7: No | B7: 論理名 | C7: 物理名 | D7: 型 | E7: 長さ | F7: 精度 | G7: 必須 | H7: 主キー（PK） | I7: 備考 | L7: ="drop TABLE IF EXISTS db_corp."&A5&" CASCADE;" -> drop TABLE IF EXISTS db_corp.M_USER_ORGANIZATION_INFO CASCADE;
A8: 1 | B8: 組織ID | C8: ORG_ID | D8: VARCHAR | E8: 20 | F8: - | G8: 〇 | H8: 1 | L8: ="CREATE TABLE IF NOT EXISTS db_corp."&A5&" (" -> CREATE TABLE IF NOT EXISTS db_corp.M_USER_ORGANIZATION_INFO (
A9: 2 | B9: 組織名 | C9: ORG_NAME | D9: VARCHAR | E9: 100 | F9: - | L9: {=IF(B8="", IF($L$6="PRIMARY_KEYS", ",PRIMARY KEY ("&_xlfn.TEXTJOIN(", ", TRUE, $C$8)&")" & CHAR(10) & ");", ");" ), " "&C8&" "&D8& _xlfn.IFS( E8="-", "", OR(D8="TIMESTAMP", D8="SMALLINT"), E8&IF(F8<>"-", ","&F8, ""), TRUE, "("&E8&IF(F8<>"-", ","&F8, "")&")" )& IF(G8<>"", " NOT NULL", "")& IF(H8<>"", ",", IF(B9<>"", ",", "") )& " -- "&B8 )} -> ORG_ID VARCHAR(20) NOT NULL, -- 組織ID
A10: =A9+1 -> 3 | B10: 親組織ID | C10: PARENT_ORG_ID | D10: VARCHAR | E10: 20 | F10: - | L10: {=IF(B9="", IF($L$6="PRIMARY_KEYS", ",PRIMARY KEY ("&_xlfn.TEXTJOIN(", ", TRUE, $C$8)&")" & CHAR(10) & ");", ");" ), " "&C9&" "&D9& _xlfn.IFS( E9="-", "", OR(D9="TIMESTAMP", D9="SMALLINT"), E9&IF(F9<>"-", ","&F9, ""), TRUE, "("&E9&IF(F9<>"-", ","&F9, "")&")" )& IF(G9<>"", " NOT NULL", "")& IF(H9<>"", ",", IF(B10<>"", ",", "") )& " -- "&B9 )} -> ORG_NAME VARCHAR(100), -- 組織名
A11: =A10+1 -> 4 | B11: 会社コード | C11: COMPANY_CODE | D11: VARCHAR | E11: 3 | F11: - | L11: {=IF(B10="", IF($L$6="PRIMARY_KEYS", ",PRIMARY KEY ("&_xlfn.TEXTJOIN(", ", TRUE, $C$8)&")" & CHAR(10) & ");", ");" ), " "&C10&" "&D10& _xlfn.IFS( E10="-", "", OR(D10="TIMESTAMP", D10="SMALLINT"), E10&IF(F10<>"-", ","&F10, ""), TRUE, "("&E10&IF(F10<>"-", ","&F10, "")&")" )& IF(G10<>"", " NOT NULL", "")& IF(H10<>"", ",", IF(B11<>"", ",", "") )& " -- "&B10 )} -> PARENT_ORG_ID VARCHAR(20), -- 親組織ID
A12: =A11+1 -> 5 | B12: 企業名 | C12: COMPANY_NAME | D12: VARCHAR | E12: 100 | F12: - | L12: {=IF(B11="", IF($L$6="PRIMARY_KEYS", ",PRIMARY KEY ("&_xlfn.TEXTJOIN(", ", TRUE, $C$8)&")" & CHAR(10) & ");", ");" ), " "&C11&" "&D11& _xlfn.IFS( E11="-", "", OR(D11="TIMESTAMP", D11="SMALLINT"), E11&IF(F11<>"-", ","&F11, ""), TRUE, "("&E11&IF(F11<>"-", ","&F11, "")&")" )& IF(G11<>"", " NOT NULL", "")& IF(H11<>"", ",", IF(B12<>"", ",", "") )& " -- "&B11 )} -> COMPANY_CODE VARCHAR(3), -- 会社コード
A13: =A12+1 -> 6 | B13: 銀行コード | C13: BANK_CODE | D13: VARCHAR | E13: 4 | F13: - | L13: {=IF(B12="", IF($L$6="PRIMARY_KEYS", ",PRIMARY KEY ("&_xlfn.TEXTJOIN(", ", TRUE, $C$8)&")" & CHAR(10) & ");", ");" ), " "&C12&" "&D12& _xlfn.IFS( E12="-", "", OR(D12="TIMESTAMP", D12="SMALLINT"), E12&IF(F12<>"-", ","&F12, ""), TRUE, "("&E12&IF(F12<>"-", ","&F12, "")&")" )& IF(G12<>"", " NOT NULL", "")& IF(H12<>"", ",", IF(B13<>"", ",", "") )& " -- "&B12 )} -> COMPANY_NAME VARCHAR(100), -- 企業名
A14: =A13+1 -> 7 | B14: 支店コード | C14: BRANCH_CODE | D14: VARCHAR | E14: 3 | F14: - | L14: {=IF(B13="", IF($L$6="PRIMARY_KEYS", ",PRIMARY KEY ("&_xlfn.TEXTJOIN(", ", TRUE, $C$8)&")" & CHAR(10) & ");", ");" ), " "&C13&" "&D13& _xlfn.IFS( E13="-", "", OR(D13="TIMESTAMP", D13="SMALLINT"), E13&IF(F13<>"-", ","&F13, ""), TRUE, "("&E13&IF(F13<>"-", ","&F13, "")&")" )& IF(G13<>"", " NOT NULL", "")& IF(H13<>"", ",", IF(B14<>"", ",", "") )& " -- "&B13 )} -> BANK_CODE VARCHAR(4), -- 銀行コード
A15: =A14+1 -> 8 | B15: 支店名 | C15: BRANCH_NAME | D15: VARCHAR | E15: 100 | F15: - | L15: {=IF(B14="", IF($L$6="PRIMARY_KEYS", ",PRIMARY KEY ("&_xlfn.TEXTJOIN(", ", TRUE, $C$8)&")" & CHAR(10) & ");", ");" ), " "&C14&" "&D14& _xlfn.IFS( E14="-", "", OR(D14="TIMESTAMP", D14="SMALLINT"), E14&IF(F14<>"-", ","&F14, ""), TRUE, "("&E14&IF(F14<>"-", ","&F14, "")&")" )& IF(G14<>"", " NOT NULL", "")& IF(H14<>"", ",", IF(B15<>"", ",", "") )& " -- "&B14 )} -> BRANCH_CODE VARCHAR(3), -- 支店コード
A16: =A15+1 -> 9 | B16: 組織種別コード | C16: ORG_TYPE_CODE | D16: VARCHAR | E16: 2 | F16: - | L16: {=IF(B15="", IF($L$6="PRIMARY_KEYS", ",PRIMARY KEY ("&_xlfn.TEXTJOIN(", ", TRUE, $C$8)&")" & CHAR(10) & ");", ");" ), " "&C15&" "&D15& _xlfn.IFS( E15="-", "", OR(D15="TIMESTAMP", D15="SMALLINT"), E15&IF(F15<>"-", ","&F15, ""), TRUE, "("&E15&IF(F15<>"-", ","&F15, "")&")" )& IF(G15<>"", " NOT NULL", "")& IF(H15<>"", ",", IF(B16<>"", ",", "") )& " -- "&B15 )} -> BRANCH_NAME VARCHAR(100), -- 支店名
A17: =A16+1 -> 10 | B17: 組織種別 | C17: ORG_TYPE | D17: VARCHAR | E17: 20 | F17: - | L17: {=IF(B16="", IF($L$6="PRIMARY_KEYS", ",PRIMARY KEY ("&_xlfn.TEXTJOIN(", ", TRUE, $C$8)&")" & CHAR(10) & ");", ");" ), " "&C16&" "&D16& _xlfn.IFS( E16="-", "", OR(D16="TIMESTAMP", D16="SMALLINT"), E16&IF(F16<>"-", ","&F16, ""), TRUE, "("&E16&IF(F16<>"-", ","&F16, "")&")" )& IF(G16<>"", " NOT NULL", "")& IF(H16<>"", ",", IF(B17<>"", ",", "") )& " -- "&B16 )} -> ORG_TYPE_CODE VARCHAR(2), -- 組織種別コード
A18: =A17+1 -> 11 | B18: 事業者区分 | C18: BUSINESS_TYPE | D18: VARCHAR | E18: 100 | F18: - | L18: {=IF(B17="", IF($L$6="PRIMARY_KEYS", ",PRIMARY KEY ("&_xlfn.TEXTJOIN(", ", TRUE, $C$8)&")" & CHAR(10) & ");", ");" ), " "&C17&" "&D17& _xlfn.IFS( E17="-", "", OR(D17="TIMESTAMP", D17="SMALLINT"), E17&IF(F17<>"-", ","&F17, ""), TRUE, "("&E17&IF(F17<>"-", ","&F17, "")&")" )& IF(G17<>"", " NOT NULL", "")& IF(H17<>"", ",", IF(B18<>"", ",", "") )& " -- "&B17 )} -> ORG_TYPE VARCHAR(20), -- 組織種別
A19: =A18+1 -> 12 | B19: ユーザー登録数上限 | C19: MAX_USER_REG | D19: INTEGER | E19: - | F19: - | L19: {=IF(B18="", IF($L$6="PRIMARY_KEYS", ",PRIMARY KEY ("&_xlfn.TEXTJOIN(", ", TRUE, $C$8)&")" & CHAR(10) & ");", ");" ), " "&C18&" "&D18& _xlfn.IFS( E18="-", "", OR(D18="TIMESTAMP", D18="SMALLINT"), E18&IF(F18<>"-", ","&F18, ""), TRUE, "("&E18&IF(F18<>"-", ","&F18, "")&")" )& IF(G18<>"", " NOT NULL", "")& IF(H18<>"", ",", IF(B19<>"", ",", "") )& " -- "&B18 )} -> BUSINESS_TYPE VARCHAR(100), -- 事業者区分
A20: =A19+1 -> 13 | B20: 削除フラグ | C20: DELETE_FLG | D20: BOOLEAN | E20: - | F20: - | G20: 〇 | I20: デフォルト値は「FALSE」に設定 | L20: {=IF(B19="", IF($L$6="PRIMARY_KEYS", ",PRIMARY KEY ("&_xlfn.TEXTJOIN(", ", TRUE, $C$8)&")" & CHAR(10) & ");", ");" ), " "&C19&" "&D19& _xlfn.IFS( E19="-", "", OR(D19="TIMESTAMP", D19="SMALLINT"), E19&IF(F19<>"-", ","&F19, ""), TRUE, "("&E19&IF(F19<>"-", ","&F19, "")&")" )& IF(G19<>"", " NOT NULL", "")& IF(H19<>"", ",", IF(B20<>"", ",", "") )& " -- "&B19 )} -> MAX_USER_REG INTEGER, -- ユーザー登録数上限
A21: =A20+1 -> 14 | B21: 作成者 | C21: CREATED_BY | D21: VARCHAR | E21: 50 | F21: - | L21: {=IF(B20="", IF($L$6="PRIMARY_KEYS", ",PRIMARY KEY ("&_xlfn.TEXTJOIN(", ", TRUE, $C$8)&")" & CHAR(10) & ");", ");" ), " "&C20&" "&D20& _xlfn.IFS( E20="-", "", OR(D20="TIMESTAMP", D20="SMALLINT"), E20&IF(F20<>"-", ","&F20, ""), TRUE, "("&E20&IF(F20<>"-", ","&F20, "")&")" )& IF(G20<>"", " NOT NULL", "")& IF(H20<>"", ",", IF(B21<>"", ",", "") )& " -- "&B20 )} -> DELETE_FLG BOOLEAN NOT NULL, -- 削除フラグ
A22: =A21+1 -> 15 | B22: 作成日時 | C22: CREATED_AT | D22: TIMESTAMP | E22: - | F22: - | L22: {=IF(B21="", IF($L$6="PRIMARY_KEYS", ",PRIMARY KEY ("&_xlfn.TEXTJOIN(", ", TRUE, $C$8)&")" & CHAR(10) & ");", ");" ), " "&C21&" "&D21& _xlfn.IFS( E21="-", "", OR(D21="TIMESTAMP", D21="SMALLINT"), E21&IF(F21<>"-", ","&F21, ""), TRUE, "("&E21&IF(F21<>"-", ","&F21, "")&")" )& IF(G21<>"", " NOT NULL", "")& IF(H21<>"", ",", IF(B22<>"", ",", "") )& " -- "&B21 )} -> CREATED_BY VARCHAR(50), -- 作成者
A23: =A22+1 -> 16 | B23: 更新者 | C23: UPDATED_BY | D23: VARCHAR | E23: 50 | F23: - | L23: {=IF(B22="", IF($L$6="PRIMARY_KEYS", ",PRIMARY KEY ("&_xlfn.TEXTJOIN(", ", TRUE, $C$8)&")" & CHAR(10) & ");", ");" ), " "&C22&" "&D22& _xlfn.IFS( E22="-", "", OR(D22="TIMESTAMP", D22="SMALLINT"), E22&IF(F22<>"-", ","&F22, ""), TRUE, "("&E22&IF(F22<>"-", ","&F22, "")&")" )& IF(G22<>"", " NOT NULL", "")& IF(H22<>"", ",", IF(B23<>"", ",", "") )& " -- "&B22 )} -> CREATED_AT TIMESTAMP, -- 作成日時
A24: =A23+1 -> 17 | B24: 更新日時 | C24: UPDATED_AT | D24: TIMESTAMP | E24: - | F24: - | L24: {=IF(B23="", IF($L$6="PRIMARY_KEYS", ",PRIMARY KEY ("&_xlfn.TEXTJOIN(", ", TRUE, $C$8)&")" & CHAR(10) & ");", ");" ), " "&C23&" "&D23& _xlfn.IFS( E23="-", "", OR(D23="TIMESTAMP", D23="SMALLINT"), E23&IF(F23<>"-", ","&F23, ""), TRUE, "("&E23&IF(F23<>"-", ","&F23, "")&")" )& IF(G23<>"", " NOT NULL", "")& IF(H23<>"", ",", IF(B24<>"", ",", "") )& " -- "&B23 )} -> UPDATED_BY VARCHAR(50), -- 更新者
L25: {=IF(B24="", IF($L$6="PRIMARY_KEYS", ",PRIMARY KEY ("&_xlfn.TEXTJOIN(", ", TRUE, $C$8)&")" & CHAR(10) & ");", ");" ), " "&C24&" "&D24& _xlfn.IFS( E24="-", "", OR(D24="TIMESTAMP", D24="SMALLINT"), E24&IF(F24<>"-", ","&F24, ""), TRUE, "("&E24&IF(F24<>"-", ","&F24, "")&")" )& IF(G24<>"", " NOT NULL", "")& IF(H24<>"", ",", IF(B25<>"", ",", "") )& " -- "&B24 )} -> UPDATED_AT TIMESTAMP -- 更新日時
L26: {=IF(B25="", IF($L$6="PRIMARY_KEYS", ",PRIMARY KEY ("&_xlfn.TEXTJOIN(", ", TRUE, $C$8)&")" & CHAR(10) & ");", ");" ), " "&C25&" "&D25& _xlfn.IFS( E25="-", "", OR(D25="TIMESTAMP", D25="SMALLINT"), E25&IF(F25<>"-", ","&F25, ""), TRUE, "("&E25&IF(F25<>"-", ","&F25, "")&")" )& IF(G25<>"", " NOT NULL", "")& IF(H25<>"", ",", IF(B26<>"", ",", "") )& " -- "&B25 )} -> ,PRIMARY KEY (ORG_ID) );
L28: ="COMMENT ON TABLE db_corp." & A5 & " IS '" & A3 & "';" -> COMMENT ON TABLE db_corp.M_USER_ORGANIZATION_INFO IS '利用者組織情報';
L29: ="COMMENT ON COLUMN db_corp." & $A$5&"."&C8&" IS '" &B8&"';" -> COMMENT ON COLUMN db_corp.M_USER_ORGANIZATION_INFO.ORG_ID IS '組織ID';
L30: ="COMMENT ON COLUMN db_corp." & $A$5&"."&C9&" IS '" &B9&"';" -> COMMENT ON COLUMN db_corp.M_USER_ORGANIZATION_INFO.ORG_NAME IS '組織名';
L31: ="COMMENT ON COLUMN db_corp." & $A$5&"."&C10&" IS '" &B10&"';" -> COMMENT ON COLUMN db_corp.M_USER_ORGANIZATION_INFO.PARENT_ORG_ID IS '親組織ID';
L32: ="COMMENT ON COLUMN db_corp." & $A$5&"."&C11&" IS '" &B11&"';" -> COMMENT ON COLUMN db_corp.M_USER_ORGANIZATION_INFO.COMPANY_CODE IS '会社コード';
L33: ="COMMENT ON COLUMN db_corp." & $A$5&"."&C12&" IS '" &B12&"';" -> COMMENT ON COLUMN db_corp.M_USER_ORGANIZATION_INFO.COMPANY_NAME IS '企業名';
L34: ="COMMENT ON COLUMN db_corp." & $A$5&"."&C13&" IS '" &B13&"';" -> COMMENT ON COLUMN db_corp.M_USER_ORGANIZATION_INFO.BANK_CODE IS '銀行コード';
L35: ="COMMENT ON COLUMN db_corp." & $A$5&"."&C14&" IS '" &B14&"';" -> COMMENT ON COLUMN db_corp.M_USER_ORGANIZATION_INFO.BRANCH_CODE IS '支店コード';
L36: ="COMMENT ON COLUMN db_corp." & $A$5&"."&C15&" IS '" &B15&"';" -> COMMENT ON COLUMN db_corp.M_USER_ORGANIZATION_INFO.BRANCH_NAME IS '支店名';
L37: ="COMMENT ON COLUMN db_corp." & $A$5&"."&C16&" IS '" &B16&"';" -> COMMENT ON COLUMN db_corp.M_USER_ORGANIZATION_INFO.ORG_TYPE_CODE IS '組織種別コード';
L38: ="COMMENT ON COLUMN db_corp." & $A$5&"."&C17&" IS '" &B17&"';" -> COMMENT ON COLUMN db_corp.M_USER_ORGANIZATION_INFO.ORG_TYPE IS '組織種別';
L39: ="COMMENT ON COLUMN db_corp." & $A$5&"."&C18&" IS '" &B18&"';" -> COMMENT ON COLUMN db_corp.M_USER_ORGANIZATION_INFO.BUSINESS_TYPE IS '事業者区分';
L40: ="COMMENT ON COLUMN db_corp." & $A$5&"."&C19&" IS '" &B19&"';" -> COMMENT ON COLUMN db_corp.M_USER_ORGANIZATION_INFO.MAX_USER_REG IS 'ユーザー登録数上限';
... L45: ="COMMENT ON COLUMN db_corp." & $A$5&"."&C24&" IS '" &B24&"';" -> COMMENT ON COLUMN db_corp.M_USER_ORGANIZATION_INFO.UPDATED_AT IS '更新日時';

Sheet 組織権限情報
A2: テーブル名（日本語） | D2: システム名 | I2: 作成者 | J2: 承認者 | K2: 作成日
A3: 組織権限情報 | D3: CN可視化レポート作成アプリ（仮称）
A4: テーブル名（英語） | D4: スキーマ | I4: 更新者 | J4: 承認者 | K4: 更新日
A5: M_ORGANIZATION_AUTHORITY_INFO | D5: DB_CORP
L6: PRIMARY_KEYS
A7: No | B7: 論理名 | C7: 物理名 | D7: 型 | E7: 長さ | F7: 精度 | G7: 必須 | H7: 主キー（PK） | I7: 備考 | L7: ="drop TABLE IF EXISTS db_corp."&A5&" CASCADE;" -> drop TABLE IF EXISTS db_corp.M_ORGANIZATION_AUTHORITY_INFO CASCADE;
A8: 1 | B8: 組織種別コード | C8: ORG_TYPE_CODE | D8: VARCHAR | E8: 2 | F8: - | G8: 〇 | H8: 1 | L8: ="CREATE TABLE IF NOT EXISTS db_corp."&A5&" (" -> CREATE TABLE IF NOT EXISTS db_corp.M_ORGANIZATION_AUTHORITY_INFO (
A9: 2 | B9: 組織種別 | C9: ORG_TYPE | D9: VARCHAR | E9: 20 | F9: - | L9: {=IF(B8="", IF($L$6="PRIMARY_KEYS", ",PRIMARY KEY ("&_xlfn.TEXTJOIN(", ", TRUE, $C$8)&")" & CHAR(10) & ");", ");" ), " "&C8&" "&D8& _xlfn.IFS( E8="-", "", OR(D8="TIMESTAMP", D8="SMALLINT"), E8&IF(F8<>"-", ","&F8, ""), TRUE, "("&E8&IF(F8<>"-", ","&F8, "")&")" )& IF(G8<>"", " NOT NULL", "")& IF(H8<>"", ",", IF(B9<>"", ",", "") )& " -- "&B8 )} -> ORG_TYPE_CODE VARCHAR(2) NOT NULL, -- 組織種別コード
A10: 3 | B10: 権限ID | C10: AUTHORITY_ID | D10: VARCHAR | E10: 15 | F10: - | G10: 〇 | H10: 2 | I10: 画面ID | L10: {=IF(B9="", IF($L$6="PRIMARY_KEYS", ",PRIMARY KEY ("&_xlfn.TEXTJOIN(", ", TRUE, $C$8)&")" & CHAR(10) & ");", ");" ), " "&C9&" "&D9& _xlfn.IFS( E9="-", "", OR(D9="TIMESTAMP", D9="SMALLINT"), E9&IF(F9<>"-", ","&F9, ""), TRUE, "("&E9&IF(F9<>"-", ","&F9, "")&")" )& IF(G9<>"", " NOT NULL", "")& IF(H9<>"", ",", IF(B10<>"", ",", "") )& " -- "&B9 )} -> ORG_TYPE VARCHAR(20), -- 組織種別
A11: 4 | B11: 画面名 | C11: SCREEN_NAME | D11: VARCHAR | E11: 20 | F11: - | L11: {=IF(B10="", IF($L$6="PRIMARY_KEYS", ",PRIMARY KEY ("&_xlfn.TEXTJOIN(", ", TRUE, $C$8)&")" & CHAR(10) & ");", ");" ), " "&C10&" "&D10& _xlfn.IFS( E10="-", "", OR(D10="TIMESTAMP", D10="SMALLINT"), E10&IF(F10<>"-", ","&F10, ""), TRUE, "("&E10&IF(F10<>"-", ","&F10, "")&")" )& IF(G10<>"", " NOT NULL", "")& IF(H10<>"", ",", IF(B11<>"", ",", "") )& " -- "&B10 )} -> AUTHORITY_ID VARCHAR(15) NOT NULL, -- 権限ID
A12: 5 | B12: ロール | C12: USER_ROLE | D12: VARCHAR | E12: 1 | F12: - | G12: 〇 | H12: 3 | I12: 0:管理者,1：一般者,9：本店管理者 | L12: {=IF(B11="", IF($L$6="PRIMARY_KEYS", ",PRIMARY KEY ("&_xlfn.TEXTJOIN(", ", TRUE, $C$8)&")" & CHAR(10) & ");", ");" ), " "&C11&" "&D11& _xlfn.IFS( E11="-", "", OR(D11="TIMESTAMP", D11="SMALLINT"), E11&IF(F11<>"-", ","&F11, ""), TRUE, "("&E11&IF(F11<>"-", ","&F11, "")&")" )& IF(G11<>"", " NOT NULL", "")& IF(H11<>"", ",", IF(B12<>"", ",", "") )& " -- "&B11 )} -> SCREEN_NAME VARCHAR(20), -- 画面名
A13: 6 | B13: 権限コード | C13: AUTHORITY_CODE | D13: VARCHAR | E13: 1 | F13: - | I13: 0:〇,1：制限付,2：× | L13: {=IF(B12="", IF($L$6="PRIMARY_KEYS", ",PRIMARY KEY ("&_xlfn.TEXTJOIN(", ", TRUE, $C$8)&")" & CHAR(10) & ");", ");" ), " "&C12&" "&D12& _xlfn.IFS( E12="-", "", OR(D12="TIMESTAMP", D12="SMALLINT"), E12&IF(F12<>"-", ","&F12, ""), TRUE, "("&E12&IF(F12<>"-", ","&F12, "")&")" )& IF(G12<>"", " NOT NULL", "")& IF(H12<>"", ",", IF(B13<>"", ",", "") )& " -- "&B12 )} -> USER_ROLE VARCHAR(1) NOT NULL, -- ロール
A14: 7 | B14: 削除フラグ | C14: DELETE_FLG | D14: BOOLEAN | E14: - | F14: - | G14: 〇 | I14: デフォルト値は「FALSE」に設定 | L14: {=IF(B13="", IF($L$6="PRIMARY_KEYS", ",PRIMARY KEY ("&_xlfn.TEXTJOIN(", ", TRUE, $C$8)&")" & CHAR(10) & ");", ");" ), " "&C13&" "&D13& _xlfn.IFS( E13="-", "", OR(D13="TIMESTAMP", D13="SMALLINT"), E13&IF(F13<>"-", ","&F13, ""), TRUE, "("&E13&IF(F13<>"-", ","&F13, "")&")" )& IF(G13<>"", " NOT NULL", "")& IF(H13<>"", ",", IF(B14<>"", ",", "") )& " -- "&B13 )} -> AUTHORITY_CODE VARCHAR(1), -- 権限コード
A15: 8 | B15: 作成者 | C15: CREATED_BY | D15: VARCHAR | E15: 50 | F15: - | L15: {=IF(B14="", IF($L$6="PRIMARY_KEYS", ",PRIMARY KEY ("&_xlfn.TEXTJOIN(", ", TRUE, $C$8)&")" & CHAR(10) & ");", ");" ), " "&C14&" "&D14& _xlfn.IFS( E14="-", "", OR(D14="TIMESTAMP", D14="SMALLINT"), E14&IF(F14<>"-", ","&F14, ""), TRUE, "("&E14&IF(F14<>"-", ","&F14, "")&")" )& IF(G14<>"", " NOT NULL", "")& IF(H14<>"", ",", IF(B15<>"", ",", "") )& " -- "&B14 )} -> DELETE_FLG BOOLEAN NOT NULL, -- 削除フラグ
A16: 9 | B16: 作成日時 | C16: CREATED_AT | D16: TIMESTAMP | E16: - | F16: - | L16: {=IF(B15="", IF($L$6="PRIMARY_KEYS", ",PRIMARY KEY ("&_xlfn.TEXTJOIN(", ", TRUE, $C$8)&")" & CHAR(10) & ");", ");" ), " "&C15&" "&D15& _xlfn.IFS( E15="-", "", OR(D15="TIMESTAMP", D15="SMALLINT"), E15&IF(F15<>"-", ","&F15, ""), TRUE, "("&E15&IF(F15<>"-", ","&F15, "")&")" )& IF(G15<>"", " NOT NULL", "")& IF(H15<>"", ",", IF(B16<>"", ",", "") )& " -- "&B15 )} -> CREATED_BY VARCHAR(50), -- 作成者
A17: 10 | B17: 更新者 | C17: UPDATED_BY | D17: VARCHAR | E17: 50 | F17: - | L17: {=IF(B16="", IF($L$6="PRIMARY_KEYS", ",PRIMARY KEY ("&_xlfn.TEXTJOIN(", ", TRUE, $C$8)&")" & CHAR(10) & ");", ");" ), " "&C16&" "&D16& _xlfn.IFS( E16="-", "", OR(D16="TIMESTAMP", D16="SMALLINT"), E16&IF(F16<>"-", ","&F16, ""), TRUE, "("&E16&IF(F16<>"-", ","&F16, "")&")" )& IF(G16<>"", " NOT NULL", "")& IF(H16<>"", ",", IF(B17<>"", ",", "") )& " -- "&B16 )} -> CREATED_AT TIMESTAMP, -- 作成日時
A18: 11 | B18: 更新日時 | C18: UPDATED_AT | D18: TIMESTAMP | E18: - | F18: - | L18: {=IF(B17="", IF($L$6="PRIMARY_KEYS", ",PRIMARY KEY ("&_xlfn.TEXTJOIN(", ", TRUE, $C$8)&")" & CHAR(10) & ");", ");" ), " "&C17&" "&D17& _xlfn.IFS( E17="-", "", OR(D17="TIMESTAMP", D17="SMALLINT"), E17&IF(F17<>"-", ","&F17, ""), TRUE, "("&E17&IF(F17<>"-", ","&F17, "")&")" )& IF(G17<>"", " NOT NULL", "")& IF(H17<>"", ",", IF(B18<>"", ",", "") )& " -- "&B17 )} -> UPDATED_BY VARCHAR(50), -- 更新者
L19: {=IF(B18="", IF($L$6="PRIMARY_KEYS", ",PRIMARY KEY ("&_xlfn.TEXTJOIN(", ", TRUE, $C$8)&")" & CHAR(10) & ");", ");" ), " "&C18&" "&D18& _xlfn.IFS( E18="-", "", OR(D18="TIMESTAMP", D18="SMALLINT"), E18&IF(F18<>"-", ","&F18, ""), TRUE, "("&E18&IF(F18<>"-", ","&F18, "")&")" )& IF(G18<>"", " NOT NULL", "")& IF(H18<>"", ",", IF(B19<>"", ",", "") )& " -- "&B18 )} -> UPDATED_AT TIMESTAMP -- 更新日時
L20: {=IF(B19="", IF($L$6="PRIMARY_KEYS", ",PRIMARY KEY ("&_xlfn.TEXTJOIN(", ", TRUE, $C$8,$C$10,$C$12)&")" & CHAR(10) & ");", ");" ), " "&C19&" "&D19& _xlfn.IFS( E19="-", "", OR(D19="TIMESTAMP", D19="SMALLINT"), E19&IF(F19<>"-", ","&F19, ""), TRUE, "("&E19&IF(F19<>"-", ","&F19, "")&")" )& IF(G19<>"", " NOT NULL", "")& IF(H19<>"", ",", IF(B20<>"", ",", "") )& " -- "&B19 )} -> ,PRIMARY KEY (ORG_TYPE_CODE, AUTHORITY_ID, USER_ROLE) );
L22: ="COMMENT ON TABLE db_corp." & A5 & " IS '" & A3 & "';" -> COMMENT ON TABLE db_corp.M_ORGANIZATION_AUTHORITY_INFO IS '組織権限情報';
L23: ="COMMENT ON COLUMN db_corp." & $A$5&"."&C8&" IS '" &B8&"';" -> COMMENT ON COLUMN db_corp.M_ORGANIZATION_AUTHORITY_INFO.ORG_TYPE_CODE IS '組織種別コード';
L24: ="COMMENT ON COLUMN db_corp." & $A$5&"."&C9&" IS '" &B9&"';" -> COMMENT ON COLUMN db_corp.M_ORGANIZATION_AUTHORITY_INFO.ORG_TYPE IS '組織種別';
L25: ="COMMENT ON COLUMN db_corp." & $A$5&"."&C10&" IS '" &B10&"';" -> COMMENT ON COLUMN db_corp.M_ORGANIZATION_AUTHORITY_INFO.AUTHORITY_ID IS '権限ID';
L26: ="COMMENT ON COLUMN db_corp." & $A$5&"."&C11&" IS '" &B11&"';" -> COMMENT ON COLUMN db_corp.M_ORGANIZATION_AUTHORITY_INFO.SCREEN_NAME IS '画面名';
L27: ="COMMENT ON COLUMN db_corp." & $A$5&"."&C12&" IS '" &B12&"';" -> COMMENT ON COLUMN db_corp.M_ORGANIZATION_AUTHORITY_INFO.USER_ROLE IS 'ロール';
L28: ="COMMENT ON COLUMN db_corp." & $A$5&"."&C13&" IS '" &B13&"';" -> COMMENT ON COLUMN db_corp.M_ORGANIZATION_AUTHORITY_INFO.AUTHORITY_CODE IS '権限コード';
L29: ="COMMENT ON COLUMN db_corp." & $A$5&"."&C14&" IS '" &B14&"';" -> COMMENT ON COLUMN db_corp.M_ORGANIZATION_AUTHORITY_INFO.DELETE_FLG IS '削除フラグ';
L30: ="COMMENT ON COLUMN db_corp." & $A$5&"."&C15&" IS '" &B15&"';" -> COMMENT ON COLUMN db_corp.M_ORGANIZATION_AUTHORITY_INFO.CREATED_BY IS '作成者';
L31: ="COMMENT ON COLUMN db_corp." & $A$5&"."&C16&" IS '" &B16&"';" -> COMMENT ON COLUMN db_corp.M_ORGANIZATION_AUTHORITY_INFO.CREATED_AT IS '作成日時';
L32: ="COMMENT ON COLUMN db_corp." & $A$5&"."&C17&" IS '" &B17&"';" -> COMMENT ON COLUMN db_corp.M_ORGANIZATION_AUTHORITY_INFO.UPDATED_BY IS '更新者';
L33: ="COMMENT ON COLUMN db_corp." & $A$5&"."&C18&" IS '" &B18&"';" -> COMMENT ON COLUMN db_corp.M_ORGANIZATION_AUTHORITY_INFO.UPDATED_AT IS '更新日時';

Sheet 同意書取得経路情報
A2: テーブル名（日本語） | D2: システム名 | I2: 作成者 | J2: 承認者 | K2: 作成日
A3: 同意書取得経路情報 | D3: CN可視化レポート作成アプリ（仮称）
A4: テーブル名（英語） | D4: スキーマ | I4: 更新者 | J4: 承認者 | K4: 更新日
A5: M_CONSENT_ROUTE_INFO | D5: DB_CORP
L6: PRIMARY_KEYS
A7: No | B7: 論理名 | C7: 物理名 | D7: 型 | E7: 長さ | F7: 精度 | G7: 必須 | H7: 主キー（PK） | I7: 備考 | L7: ="drop TABLE IF EXISTS db_corp."&A5&" CASCADE;" -> drop TABLE IF EXISTS db_corp.M_CONSENT_ROUTE_INFO CASCADE;
A8: 1 | B8: 同意書取得区分 | C8: AGREEMENT_CATEGORY | D8: VARCHAR | E8: 2 | F8: - | G8: 〇 | H8: 1 | L8: ="CREATE TABLE IF NOT EXISTS db_corp."&A5&" (" -> CREATE TABLE IF NOT EXISTS db_corp.M_CONSENT_ROUTE_INFO (
A9: 2 | B9: 同意書取得経路 | C9: AGREEMENT_NAME | D9: VARCHAR | E9: 100 | F9: - | L9: {=IF(B8="", IF($L$6="PRIMARY_KEYS", ",PRIMARY KEY ("&_xlfn.TEXTJOIN(", ", TRUE, $C$8)&")" & CHAR(10) & ");", ");" ), " "&C8&" "&D8& _xlfn.IFS( E8="-", "", OR(D8="TIMESTAMP", D8="SMALLINT"), E8&IF(F8<>"-", ","&F8, ""), TRUE, "("&E8&IF(F8<>"-", ","&F8, "")&")" )& IF(G8<>"", " NOT NULL", "")& IF(H8<>"", ",", IF(B9<>"", ",", "") )& " -- "&B8 )} -> AGREEMENT_CATEGORY VARCHAR(2) NOT NULL, -- 同意書取得区分
A10: 3 | B10: 組織ID（FK） | C10: ORG_ID | D10: VARCHAR | E10: 20 | F10: - | L10: {=IF(B9="", IF($L$6="PRIMARY_KEYS", ",PRIMARY KEY ("&_xlfn.TEXTJOIN(", ", TRUE, $C$8)&")" & CHAR(10) & ");", ");" ), " "&C9&" "&D9& _xlfn.IFS( E9="-", "", OR(D9="TIMESTAMP", D9="SMALLINT"), E9&IF(F9<>"-", ","&F9, ""), TRUE, "("&E9&IF(F9<>"-", ","&F9, "")&")" )& IF(G9<>"", " NOT NULL", "")& IF(H9<>"", ",", IF(B10<>"", ",", "") )& " -- "&B9 )} -> AGREEMENT_NAME VARCHAR(100), -- 同意書取得経路
A11: 4 | B11: 削除フラグ | C11: DELETE_FLG | D11: BOOLEAN | E11: - | F11: - | G11: 〇 | I11: デフォルト値は「FALSE」に設定 | L11: {=IF(B10="", IF($L$6="PRIMARY_KEYS", ",PRIMARY KEY ("&_xlfn.TEXTJOIN(", ", TRUE, $C$8)&")" & CHAR(10) & ");", ");" ), " "&C10&" "&D10& _xlfn.IFS( E10="-", "", OR(D10="TIMESTAMP", D10="SMALLINT"), E10&IF(F10<>"-", ","&F10, ""), TRUE, "("&E10&IF(F10<>"-", ","&F10, "")&")" )& IF(G10<>"", " NOT NULL", "")& IF(H10<>"", ",", IF(B11<>"", ",", "") )& " -- "&B10 )} -> ORG_ID VARCHAR(20), -- 組織ID（FK）
A12: 5 | B12: 作成者 | C12: CREATED_BY | D12: VARCHAR | E12: 50 | F12: - | L12: {=IF(B11="", IF($L$6="PRIMARY_KEYS", ",PRIMARY KEY ("&_xlfn.TEXTJOIN(", ", TRUE, $C$8)&")" & CHAR(10) & ");", ");" ), " "&C11&" "&D11& _xlfn.IFS( E11="-", "", OR(D11="TIMESTAMP", D11="SMALLINT"), E11&IF(F11<>"-", ","&F11, ""), TRUE, "("&E11&IF(F11<>"-", ","&F11, "")&")" )& IF(G11<>"", " NOT NULL", "")& IF(H11<>"", ",", IF(B12<>"", ",", "") )& " -- "&B11 )} -> DELETE_FLG BOOLEAN NOT NULL, -- 削除フラグ
A13: 6 | B13: 作成日時 | C13: CREATED_AT | D13: TIMESTAMP | E13: - | F13: - | L13: {=IF(B12="", IF($L$6="PRIMARY_KEYS", ",PRIMARY KEY ("&_xlfn.TEXTJOIN(", ", TRUE, $C$8)&")" & CHAR(10) & ");", ");" ), " "&C12&" "&D12& _xlfn.IFS( E12="-", "", OR(D12="TIMESTAMP", D12="SMALLINT"), E12&IF(F12<>"-", ","&F12, ""), TRUE, "("&E12&IF(F12<>"-", ","&F12, "")&")" )& IF(G12<>"", " NOT NULL", "")& IF(H12<>"", ",", IF(B13<>"", ",", "") )& " -- "&B12 )} -> CREATED_BY VARCHAR(50), -- 作成者
A14: 7 | B14: 更新者 | C14: UPDATED_BY | D14: VARCHAR | E14: 50 | F14: - | L14: {=IF(B13="", IF($L$6="PRIMARY_KEYS", ",PRIMARY KEY ("&_xlfn.TEXTJOIN(", ", TRUE, $C$8)&")" & CHAR(10) & ");", ");" ), " "&C13&" "&D13& _xlfn.IFS( E13="-", "", OR(D13="TIMESTAMP", D13="SMALLINT"), E13&IF(F13<>"-", ","&F13, ""), TRUE, "("&E13&IF(F13<>"-", ","&F13, "")&")" )& IF(G13<>"", " NOT NULL", "")& IF(H13<>"", ",", IF(B14<>"", ",", "") )& " -- "&B13 )} -> CREATED_AT TIMESTAMP, -- 作成日時
A15: 8 | B15: 更新日時 | C15: UPDATED_AT | D15: TIMESTAMP | E15: - | F15: - | L15: {=IF(B14="", IF($L$6="PRIMARY_KEYS", ",PRIMARY KEY ("&_xlfn.TEXTJOIN(", ", TRUE, $C$8)&")" & CHAR(10) & ");", ");" ), " "&C14&" "&D14& _xlfn.IFS( E14="-", "", OR(D14="TIMESTAMP", D14="SMALLINT"), E14&IF(F14<>"-", ","&F14, ""), TRUE, "("&E14&IF(F14<>"-", ","&F14, "")&")" )& IF(G14<>"", " NOT NULL", "")& IF(H14<>"", ",", IF(B15<>"", ",", "") )& " -- "&B14 )} -> UPDATED_BY VARCHAR(50), -- 更新者
L16: {=IF(B15="", IF($L$6="PRIMARY_KEYS", ",PRIMARY KEY ("&_xlfn.TEXTJOIN(", ", TRUE, $C$8)&")" & CHAR(10) & ");", ");" ), " "&C15&" "&D15& _xlfn.IFS( E15="-", "", OR(D15="TIMESTAMP", D15="SMALLINT"), E15&IF(F15<>"-", ","&F15, ""), TRUE, "("&E15&IF(F15<>"-", ","&F15, "")&")" )& IF(G15<>"", " NOT NULL", "")& IF(H15<>"", ",", IF(B16<>"", ",", "") )& " -- "&B15 )} -> UPDATED_AT TIMESTAMP -- 更新日時
L17: {=IF(B16="", IF($L$6="PRIMARY_KEYS", ",PRIMARY KEY ("&_xlfn.TEXTJOIN(", ", TRUE, $C$8)&")" & CHAR(10) & ");", ");" ), " "&C16&" "&D16& _xlfn.IFS( E16="-", "", OR(D16="TIMESTAMP", D16="SMALLINT"), E16&IF(F16<>"-", ","&F16, ""), TRUE, "("&E16&IF(F16<>"-", ","&F16, "")&")" )& IF(G16<>"", " NOT NULL", "")& IF(H16<>"", ",", IF(B17<>"", ",", "") )& " -- "&B16 )} -> ,PRIMARY KEY (AGREEMENT_CATEGORY) );
L19: ="COMMENT ON TABLE db_corp." & A5 & " IS '" & A3 & "';" -> COMMENT ON TABLE db_corp.M_CONSENT_ROUTE_INFO IS '同意書取得経路情報';
L20: ="COMMENT ON COLUMN db_corp." & $A$5&"."&C8&" IS '" &B8&"';" -> COMMENT ON COLUMN db_corp.M_CONSENT_ROUTE_INFO.AGREEMENT_CATEGORY IS '同意書取得区分';
L21: ="COMMENT ON COLUMN db_corp." & $A$5&"."&C9&" IS '" &B9&"';" -> COMMENT ON COLUMN db_corp.M_CONSENT_ROUTE_INFO.AGREEMENT_NAME IS '同意書取得経路';
L22: ="COMMENT ON COLUMN db_corp." & $A$5&"."&C10&" IS '" &B10&"';" -> COMMENT ON COLUMN db_corp.M_CONSENT_ROUTE_INFO.ORG_ID IS '組織ID（FK）';
L23: ="COMMENT ON COLUMN db_corp." & $A$5&"."&C11&" IS '" &B11&"';" -> COMMENT ON COLUMN db_corp.M_CONSENT_ROUTE_INFO.DELETE_FLG IS '削除フラグ';
L24: ="COMMENT ON COLUMN db_corp." & $A$5&"."&C12&" IS '" &B12&"';" -> COMMENT ON COLUMN db_corp.M_CONSENT_ROUTE_INFO.CREATED_BY IS '作成者';
L25: ="COMMENT ON COLUMN db_corp." & $A$5&"."&C13&" IS '" &B13&"';" -> COMMENT ON COLUMN db_corp.M_CONSENT_ROUTE_INFO.CREATED_AT IS '作成日時';
L26: ="COMMENT ON COLUMN db_corp." & $A$5&"."&C14&" IS '" &B14&"';" -> COMMENT ON COLUMN db_corp.M_CONSENT_ROUTE_INFO.UPDATED_BY IS '更新者';
L27: ="COMMENT ON COLUMN db_corp." & $A$5&"."&C15&" IS '" &B15&"';" -> COMMENT ON COLUMN db_corp.M_CONSENT_ROUTE_INFO.UPDATED_AT IS '更新日時';

Sheet ユーザー別利用状況
A2: テーブル名（日本語） | D2: システム名 | I2: 作成者 | J2: 承認者 | K2: 作成日
A3: ユーザー別利用状況 | D3: CN可視化レポート作成アプリ（仮称）
A4: テーブル名（英語） | D4: スキーマ | I4: 更新者 | J4: 承認者 | K4: 更新日
A5: T_USER_ACCESS_HISTORY | D5: DB_CORP
L6: PRIMARY_KEYS
A7: No | B7: 論理名 | C7: 物理名 | D7: 型 | E7: 長さ | F7: 精度 | G7: 必須 | H7: 主キー（PK） | I7: 備考 | L7: ="drop TABLE IF EXISTS db_corp."&A5&" CASCADE;" -> drop TABLE IF EXISTS db_corp.T_USER_ACCESS_HISTORY CASCADE;
A8: 1 | B8: 操作ID | C8: OPERATION_ID | D8: SERIAL | E8: - | F8: - | G8: 〇 | H8: 1 | L8: ="CREATE TABLE IF NOT EXISTS db_corp."&A5&" (" -> CREATE TABLE IF NOT EXISTS db_corp.T_USER_ACCESS_HISTORY (
A9: 2 | B9: ユーザーID（FK） | C9: USER_ID | D9: VARCHAR | E9: 20 | F9: - | L9: {=IF(B8="", IF($L$6="PRIMARY_KEYS", ",PRIMARY KEY ("&_xlfn.TEXTJOIN(", ", TRUE, $C$8)&")" & CHAR(10) & ");", ");" ), " "&C8&" "&D8& _xlfn.IFS( E8="-", "", OR(D8="TIMESTAMP", D8="SMALLINT"), E8&IF(F8<>"-", ","&F8, ""), TRUE, "("&E8&IF(F8<>"-", ","&F8, "")&")" )& IF(G8<>"", " NOT NULL", "")& IF(H8<>"", ",", IF(B9<>"", ",", "") )& " -- "&B8 )} -> OPERATION_ID SERIAL NOT NULL, -- 操作ID
A10: =A9+1 -> 3 | B10: 操作日時 | C10: OPARATION_DATETIME | D10: TIMESTAMP | E10: - | F10: - | L10: {=IF(B9="", IF($L$6="PRIMARY_KEYS", ",PRIMARY KEY ("&_xlfn.TEXTJOIN(", ", TRUE, $C$8)&")" & CHAR(10) & ");", ");" ), " "&C9&" "&D9& _xlfn.IFS( E9="-", "", OR(D9="TIMESTAMP", D9="SMALLINT"), E9&IF(F9<>"-", ","&F9, ""), TRUE, "("&E9&IF(F9<>"-", ","&F9, "")&")" )& IF(G9<>"", " NOT NULL", "")& IF(H9<>"", ",", IF(B10<>"", ",", "") )& " -- "&B9 )} -> USER_ID VARCHAR(20), -- ユーザーID（FK）
A11: =A10+1 -> 4 | B11: 操作内容 | C11: OPARATION_DETAIL | D11: VARCHAR | E11: 255 | F11: - | L11: {=IF(B10="", IF($L$6="PRIMARY_KEYS", ",PRIMARY KEY ("&_xlfn.TEXTJOIN(", ", TRUE, $C$8)&")" & CHAR(10) & ");", ");" ), " "&C10&" "&D10& _xlfn.IFS( E10="-", "", OR(D10="TIMESTAMP", D10="SMALLINT"), E10&IF(F10<>"-", ","&F10, ""), TRUE, "("&E10&IF(F10<>"-", ","&F10, "")&")" )& IF(G10<>"", " NOT NULL", "")& IF(H10<>"", ",", IF(B11<>"", ",", "") )& " -- "&B10 )} -> OPARATION_DATETIME TIMESTAMP, -- 操作日時
A12: =A11+1 -> 5 | B12: 対象画面ID | C12: TARGET_SCREEN_ID | D12: VARCHAR | E12: 20 | F12: - | L12: {=IF(B11="", IF($L$6="PRIMARY_KEYS", ",PRIMARY KEY ("&_xlfn.TEXTJOIN(", ", TRUE, $C$8)&")" & CHAR(10) & ");", ");" ), " "&C11&" "&D11& _xlfn.IFS( E11="-", "", OR(D11="TIMESTAMP", D11="SMALLINT"), E11&IF(F11<>"-", ","&F11, ""), TRUE, "("&E11&IF(F11<>"-", ","&F11, "")&")" )& IF(G11<>"", " NOT NULL", "")& IF(H11<>"", ",", IF(B12<>"", ",", "") )& " -- "&B11 )} -> OPARATION_DETAIL VARCHAR(255), -- 操作内容
A13: =A12+1 -> 6 | B13: 対象画面名 | C13: TARGET_SCREEN_NAME | D13: VARCHAR | E13: 50 | F13: - | L13: {=IF(B12="", IF($L$6="PRIMARY_KEYS", ",PRIMARY KEY ("&_xlfn.TEXTJOIN(", ", TRUE, $C$8)&")" & CHAR(10) & ");", ");" ), " "&C12&" "&D12& _xlfn.IFS( E12="-", "", OR(D12="TIMESTAMP", D12="SMALLINT"), E12&IF(F12<>"-", ","&F12, ""), TRUE, "("&E12&IF(F12<>"-", ","&F12, "")&")" )& IF(G12<>"", " NOT NULL", "")& IF(H12<>"", ",", IF(B13<>"", ",", "") )& " -- "&B12 )} -> TARGET_SCREEN_ID VARCHAR(20), -- 対象画面ID
A14: =A13+1 -> 7 | B14: 対象データID | C14: TARGET_DATA_ID | D14: VARCHAR | E14: 20 | F14: - | L14: {=IF(B13="", IF($L$6="PRIMARY_KEYS", ",PRIMARY KEY ("&_xlfn.TEXTJOIN(", ", TRUE, $C$8)&")" & CHAR(10) & ");", ");" ), " "&C13&" "&D13& _xlfn.IFS( E13="-", "", OR(D13="TIMESTAMP", D13="SMALLINT"), E13&IF(F13<>"-", ","&F13, ""), TRUE, "("&E13&IF(F13<>"-", ","&F13, "")&")" )& IF(G13<>"", " NOT NULL", "")& IF(H13<>"", ",", IF(B14<>"", ",", "") )& " -- "&B13 )} -> TARGET_SCREEN_NAME VARCHAR(50), -- 対象画面名
A15: =A14+1 -> 8 | B15: 対象データ名 | C15: TARGET_DATA_NAME | D15: VARCHAR | E15: 50 | F15: - | L15: {=IF(B14="", IF($L$6="PRIMARY_KEYS", ",PRIMARY KEY ("&_xlfn.TEXTJOIN(", ", TRUE, $C$8)&")" & CHAR(10) & ");", ");" ), " "&C14&" "&D14& _xlfn.IFS( E14="-", "", OR(D14="TIMESTAMP", D14="SMALLINT"), E14&IF(F14<>"-", ","&F14, ""), TRUE, "("&E14&IF(F14<>"-", ","&F14, "")&")" )& IF(G14<>"", " NOT NULL", "")& IF(H14<>"", ",", IF(B15<>"", ",", "") )& " -- "&B14 )} -> TARGET_DATA_ID VARCHAR(20), -- 対象データID
A16: =A15+1 -> 9 | B16: IPアドレス | C16: IP_ADDRESS | D16: VARCHAR | E16: 20 | F16: - | L16: {=IF(B15="", IF($L$6="PRIMARY_KEYS", ",PRIMARY KEY ("&_xlfn.TEXTJOIN(", ", TRUE, $C$8)&")" & CHAR(10) & ");", ");" ), " "&C15&" "&D15& _xlfn.IFS( E15="-", "", OR(D15="TIMESTAMP", D15="SMALLINT"), E15&IF(F15<>"-", ","&F15, ""), TRUE, "("&E15&IF(F15<>"-", ","&F15, "")&")" )& IF(G15<>"", " NOT NULL", "")& IF(H15<>"", ",", IF(B16<>"", ",", "") )& " -- "&B15 )} -> TARGET_DATA_NAME VARCHAR(50), -- 対象データ名
A17: =A16+1 -> 10 | B17: デバイス情報 | C17: DEVICE_INFO | D17: VARCHAR | E17: 50 | F17: - | L17: {=IF(B16="", IF($L$6="PRIMARY_KEYS", ",PRIMARY KEY ("&_xlfn.TEXTJOIN(", ", TRUE, $C$8)&")" & CHAR(10) & ");", ");" ), " "&C16&" "&D16& _xlfn.IFS( E16="-", "", OR(D16="TIMESTAMP", D16="SMALLINT"), E16&IF(F16<>"-", ","&F16, ""), TRUE, "("&E16&IF(F16<>"-", ","&F16, "")&")" )& IF(G16<>"", " NOT NULL", "")& IF(H16<>"", ",", IF(B17<>"", ",", "") )& " -- "&B16 )} -> IP_ADDRESS VARCHAR(20), -- IPアドレス
A18: =A17+1 -> 11 | B18: 操作結果 | C18: OPARATION_RESULT | D18: VARCHAR | E18: 50 | F18: - | L18: {=IF(B17="", IF($L$6="PRIMARY_KEYS", ",PRIMARY KEY ("&_xlfn.TEXTJOIN(", ", TRUE, $C$8)&")" & CHAR(10) & ");", ");" ), " "&C17&" "&D17& _xlfn.IFS( E17="-", "", OR(D17="TIMESTAMP", D17="SMALLINT"), E17&IF(F17<>"-", ","&F17, ""), TRUE, "("&E17&IF(F17<>"-", ","&F17, "")&")" )& IF(G17<>"", " NOT NULL", "")& IF(H17<>"", ",", IF(B18<>"", ",", "") )& " -- "&B17 )} -> DEVICE_INFO VARCHAR(50), -- デバイス情報
A19: =A18+1 -> 12 | B19: 備考 | C19: REMARKS | D19: VARCHAR | E19: 50 | F19: - | L19: {=IF(B18="", IF($L$6="PRIMARY_KEYS", ",PRIMARY KEY ("&_xlfn.TEXTJOIN(", ", TRUE, $C$8)&")" & CHAR(10) & ");", ");" ), " "&C18&" "&D18& _xlfn.IFS( E18="-", "", OR(D18="TIMESTAMP", D18="SMALLINT"), E18&IF(F18<>"-", ","&F18, ""), TRUE, "("&E18&IF(F18<>"-", ","&F18, "")&")" )& IF(G18<>"", " NOT NULL", "")& IF(H18<>"", ",", IF(B19<>"", ",", "") )& " -- "&B18 )} -> OPARATION_RESULT VARCHAR(50), -- 操作結果
A20: =A19+1 -> 13 | B20: 削除フラグ | C20: DELETE_FLG | D20: BOOLEAN | E20: - | F20: - | G20: 〇 | I20: デフォルト値は「FALSE」に設定 | L20: {=IF(B19="", IF($L$6="PRIMARY_KEYS", ",PRIMARY KEY ("&_xlfn.TEXTJOIN(", ", TRUE, $C$8)&")" & CHAR(10) & ");", ");" ), " "&C19&" "&D19& _xlfn.IFS( E19="-", "", OR(D19="TIMESTAMP", D19="SMALLINT"), E19&IF(F19<>"-", ","&F19, ""), TRUE, "("&E19&IF(F19<>"-", ","&F19, "")&")" )& IF(G19<>"", " NOT NULL", "")& IF(H19<>"", ",", IF(B20<>"", ",", "") )& " -- "&B19 )} -> REMARKS VARCHAR(50), -- 備考
A21: =A20+1 -> 14 | B21: 作成者 | C21: CREATED_BY | D21: VARCHAR | E21: 50 | F21: - | L21: {=IF(B20="", IF($L$6="PRIMARY_KEYS", ",PRIMARY KEY ("&_xlfn.TEXTJOIN(", ", TRUE, $C$8)&")" & CHAR(10) & ");", ");" ), " "&C20&" "&D20& _xlfn.IFS( E20="-", "", OR(D20="TIMESTAMP", D20="SMALLINT"), E20&IF(F20<>"-", ","&F20, ""), TRUE, "("&E20&IF(F20<>"-", ","&F20, "")&")" )& IF(G20<>"", " NOT NULL", "")& IF(H20<>"", ",", IF(B21<>"", ",", "") )& " -- "&B20 )} -> DELETE_FLG BOOLEAN NOT NULL, -- 削除フラグ
A22: =A21+1 -> 15 | B22: 作成日時 | C22: CREATED_AT | D22: TIMESTAMP | E22: - | F22: - | L22: {=IF(B21="", IF($L$6="PRIMARY_KEYS", ",PRIMARY KEY ("&_xlfn.TEXTJOIN(", ", TRUE, $C$8)&")" & CHAR(10) & ");", ");" ), " "&C21&" "&D21& _xlfn.IFS( E21="-", "", OR(D21="TIMESTAMP", D21="SMALLINT"), E21&IF(F21<>"-", ","&F21, ""), TRUE, "("&E21&IF(F21<>"-", ","&F21, "")&")" )& IF(G21<>"", " NOT NULL", "")& IF(H21<>"", ",", IF(B22<>"", ",", "") )& " -- "&B21 )} -> CREATED_BY VARCHAR(50), -- 作成者
A23: =A22+1 -> 16 | B23: 更新者 | C23: UPDATED_BY | D23: VARCHAR | E23: 50 | F23: - | L23: {=IF(B22="", IF($L$6="PRIMARY_KEYS", ",PRIMARY KEY ("&_xlfn.TEXTJOIN(", ", TRUE, $C$8)&")" & CHAR(10) & ");", ");" ), " "&C22&" "&D22& _xlfn.IFS( E22="-", "", OR(D22="TIMESTAMP", D22="SMALLINT"), E22&IF(F22<>"-", ","&F22, ""), TRUE, "("&E22&IF(F22<>"-", ","&F22, "")&")" )& IF(G22<>"", " NOT NULL", "")& IF(H22<>"", ",", IF(B23<>"", ",", "") )& " -- "&B22 )} -> CREATED_AT TIMESTAMP, -- 作成日時
A24: =A23+1 -> 17 | B24: 更新日時 | C24: UPDATED_AT | D24: TIMESTAMP | E24: - | F24: - | L24: {=IF(B23="", IF($L$6="PRIMARY_KEYS", ",PRIMARY KEY ("&_xlfn.TEXTJOIN(", ", TRUE, $C$8)&")" & CHAR(10) & ");", ");" ), " "&C23&" "&D23& _xlfn.IFS( E23="-", "", OR(D23="TIMESTAMP", D23="SMALLINT"), E23&IF(F23<>"-", ","&F23, ""), TRUE, "("&E23&IF(F23<>"-", ","&F23, "")&")" )& IF(G23<>"", " NOT NULL", "")& IF(H23<>"", ",", IF(B24<>"", ",", "") )& " -- "&B23 )} -> UPDATED_BY VARCHAR(50), -- 更新者
L25: {=IF(B24="", IF($L$6="PRIMARY_KEYS", ",PRIMARY KEY ("&_xlfn.TEXTJOIN(", ", TRUE, $C$8)&")" & CHAR(10) & ");", ");" ), " "&C24&" "&D24& _xlfn.IFS( E24="-", "", OR(D24="TIMESTAMP", D24="SMALLINT"), E24&IF(F24<>"-", ","&F24, ""), TRUE, "("&E24&IF(F24<>"-", ","&F24, "")&")" )& IF(G24<>"", " NOT NULL", "")& IF(H24<>"", ",", IF(B25<>"", ",", "") )& " -- "&B24 )} -> UPDATED_AT TIMESTAMP -- 更新日時
L26: {=IF(B25="", IF($L$6="PRIMARY_KEYS", ",PRIMARY KEY ("&_xlfn.TEXTJOIN(", ", TRUE, $C$8)&")" & CHAR(10) & ");", ");" ), " "&C25&" "&D25& _xlfn.IFS( E25="-", "", OR(D25="TIMESTAMP", D25="SMALLINT"), E25&IF(F25<>"-", ","&F25, ""), TRUE, "("&E25&IF(F25<>"-", ","&F25, "")&")" )& IF(G25<>"", " NOT NULL", "")& IF(H25<>"", ",", IF(B26<>"", ",", "") )& " -- "&B25 )} -> ,PRIMARY KEY (OPERATION_ID) );
L28: ="COMMENT ON TABLE db_corp." & A5 & " IS '" & A3 & "';" -> COMMENT ON TABLE db_corp.T_USER_ACCESS_HISTORY IS 'ユーザー別利用状況';
L29: ="COMMENT ON COLUMN db_corp." & $A$5&"."&C8&" IS '" &B8&"';" -> COMMENT ON COLUMN db_corp.T_USER_ACCESS_HISTORY.OPERATION_ID IS '操作ID';
L30: ="COMMENT ON COLUMN db_corp." & $A$5&"."&C9&" IS '" &B9&"';" -> COMMENT ON COLUMN db_corp.T_USER_ACCESS_HISTORY.USER_ID IS 'ユーザーID（FK）';
L31: ="COMMENT ON COLUMN db_corp." & $A$5&"."&C10&" IS '" &B10&"';" -> COMMENT ON COLUMN db_corp.T_USER_ACCESS_HISTORY.OPARATION_DATETIME IS '操作日時';
L32: ="COMMENT ON COLUMN db_corp." & $A$5&"."&C11&" IS '" &B11&"';" -> COMMENT ON COLUMN db_corp.T_USER_ACCESS_HISTORY.OPARATION_DETAIL IS '操作内容';
L33: ="COMMENT ON COLUMN db_corp." & $A$5&"."&C12&" IS '" &B12&"';" -> COMMENT ON COLUMN db_corp.T_USER_ACCESS_HISTORY.TARGET_SCREEN_ID IS '対象画面ID';
L34: ="COMMENT ON COLUMN db_corp." & $A$5&"."&C13&" IS '" &B13&"';" -> COMMENT ON COLUMN db_corp.T_USER_ACCESS_HISTORY.TARGET_SCREEN_NAME IS '対象画面名';
L35: ="COMMENT ON COLUMN db_corp." & $A$5&"."&C14&" IS '" &B14&"';" -> COMMENT ON COLUMN db_corp.T_USER_ACCESS_HISTORY.TARGET_DATA_ID IS '対象データID';
L36: ="COMMENT ON COLUMN db_corp." & $A$5&"."&C15&" IS '" &B15&"';" -> COMMENT ON COLUMN db_corp.T_USER_ACCESS_HISTORY.TARGET_DATA_NAME IS '対象データ名';
L37: ="COMMENT ON COLUMN db_corp." & $A$5&"."&C16&" IS '" &B16&"';" -> COMMENT ON COLUMN db_corp.T_USER_ACCESS_HISTORY.IP_ADDRESS IS 'IPアドレス';
L38: ="COMMENT ON COLUMN db_corp." & $A$5&"."&C17&" IS '" &B17&"';" -> COMMENT ON COLUMN db_corp.T_USER_ACCESS_HISTORY.DEVICE_INFO IS 'デバイス情報';
L39: ="COMMENT ON COLUMN db_corp." & $A$5&"."&C18&" IS '" &B18&"';" -> COMMENT ON COLUMN db_corp.T_USER_ACCESS_HISTORY.OPARATION_RESULT IS '操作結果';
L40: ="COMMENT ON COLUMN db_corp." & $A$5&"."&C19&" IS '" &B19&"';" -> COMMENT ON COLUMN db_corp.T_USER_ACCESS_HISTORY.REMARKS IS '備考';
... L45: ="COMMENT ON COLUMN db_corp." & $A$5&"."&C24&" IS '" &B24&"';" -> COMMENT ON COLUMN db_corp.T_USER_ACCESS_HISTORY.UPDATED_AT IS '更新日時';

Sheet 操作履歴情報
A2: テーブル名（日本語） | D2: システム名 | I2: 作成者 | J2: 承認者 | K2: 作成日
A3: 操作履歴情報 | D3: CN可視化レポート作成アプリ（仮称）
A4: テーブル名（英語） | D4: スキーマ | I4: 更新者 | J4: 承認者 | K4: 更新日
A5: T_OPERATION_HISTORY_INFO | D5: DB_CORP
L6: PRIMARY_KEYS
A7: No | B7: 論理名 | C7: 物理名 | D7: 型 | E7: 長さ | F7: 精度 | G7: 必須 | H7: 主キー（PK） | I7: 備考 | L7: ="drop TABLE IF EXISTS db_corp."&A5&" CASCADE;" -> drop TABLE IF EXISTS db_corp.T_OPERATION_HISTORY_INFO CASCADE;
A8: 1 | B8: ユーザーID（FK） | C8: USER_ID | D8: VARCHAR | E8: 20 | F8: - | G8: 〇 | H8: 1 | L8: ="CREATE TABLE IF NOT EXISTS db_corp."&A5&" (" -> CREATE TABLE IF NOT EXISTS db_corp.T_OPERATION_HISTORY_INFO (
A9: 2 | B9: 組織ID（FK） | C9: ORG_ID | D9: VARCHAR | E9: 20 | F9: - | G9: 〇 | H9: 2 | L9: {=IF(B8="", IF($L$6="PRIMARY_KEYS", ",PRIMARY KEY ("&_xlfn.TEXTJOIN(", ", TRUE, $C$8)&")" & CHAR(10) & ");", ");" ), " "&C8&" "&D8& _xlfn.IFS( E8="-", "", OR(D8="TIMESTAMP", D8="SMALLINT"), E8&IF(F8<>"-", ","&F8, ""), TRUE, "("&E8&IF(F8<>"-", ","&F8, "")&")" )& IF(G8<>"", " NOT NULL", "")& IF(H8<>"", ",", IF(B9<>"", ",", "") )& " -- "&B8 )} -> USER_ID VARCHAR(20) NOT NULL, -- ユーザーID（FK）
A10: 3 | B10: ユーザー名 | C10: USER_NAME | D10: VARCHAR | E10: 255 | F10: - | G10: 〇 | L10: {=IF(B9="", IF($L$6="PRIMARY_KEYS", ",PRIMARY KEY ("&_xlfn.TEXTJOIN(", ", TRUE, $C$8)&")" & CHAR(10) & ");", ");" ), " "&C9&" "&D9& _xlfn.IFS( E9="-", "", OR(D9="TIMESTAMP", D9="SMALLINT"), E9&IF(F9<>"-", ","&F9, ""), TRUE, "("&E9&IF(F9<>"-", ","&F9, "")&")" )& IF(G9<>"", " NOT NULL", "")& IF(H9<>"", ",", IF(B10<>"", ",", "") )& " -- "&B9 )} -> ORG_ID VARCHAR(20) NOT NULL, -- 組織ID（FK）
A11: 4 | B11: 最終データ登録日 | C11: FINAL_DATA_ENTRY_DATE | D11: TIMESTAMP | E11: - | F11: - | G11: 〇 | L11: {=IF(B10="", IF($L$6="PRIMARY_KEYS", ",PRIMARY KEY ("&_xlfn.TEXTJOIN(", ", TRUE, $C$8)&")" & CHAR(10) & ");", ");" ), " "&C10&" "&D10& _xlfn.IFS( E10="-", "", OR(D10="TIMESTAMP", D10="SMALLINT"), E10&IF(F10<>"-", ","&F10, ""), TRUE, "("&E10&IF(F10<>"-", ","&F10, "")&")" )& IF(G10<>"", " NOT NULL", "")& IF(H10<>"", ",", IF(B11<>"", ",", "") )& " -- "&B10 )} -> USER_NAME VARCHAR(255) NOT NULL, -- ユーザー名
A12: 5 | B12: 操作内容 | C12: OPARATION_DETAIL | D12: VARCHAR | E12: 255 | F12: - | G12: 〇 | L12: {=IF(B11="", IF($L$6="PRIMARY_KEYS", ",PRIMARY KEY ("&_xlfn.TEXTJOIN(", ", TRUE, $C$8)&")" & CHAR(10) & ");", ");" ), " "&C11&" "&D11& _xlfn.IFS( E11="-", "", OR(D11="TIMESTAMP", D11="SMALLINT"), E11&IF(F11<>"-", ","&F11, ""), TRUE, "("&E11&IF(F11<>"-", ","&F11, "")&")" )& IF(G11<>"", " NOT NULL", "")& IF(H11<>"", ",", IF(B12<>"", ",", "") )& " -- "&B11 )} -> FINAL_DATA_ENTRY_DATE TIMESTAMP NOT NULL, -- 最終データ登録日
A13: 6 | B13: ファイル名 | C13: FILE_NAME | D13: VARCHAR | E13: 255 | F13: - | L13: {=IF(B12="", IF($L$6="PRIMARY_KEYS", ",PRIMARY KEY ("&_xlfn.TEXTJOIN(", ", TRUE, $C$8)&")" & CHAR(10) & ");", ");" ), " "&C12&" "&D12& _xlfn.IFS( E12="-", "", OR(D12="TIMESTAMP", D12="SMALLINT"), E12&IF(F12<>"-", ","&F12, ""), TRUE, "("&E12&IF(F12<>"-", ","&F12, "")&")" )& IF(G12<>"", " NOT NULL", "")& IF(H12<>"", ",", IF(B13<>"", ",", "") )& " -- "&B12 )} -> OPARATION_DETAIL VARCHAR(255) NOT NULL, -- 操作内容
A14: 7 | B14: エラー有無フラグ | C14: ERROR_EXISTS_FLAG | D14: BOOLEAN | E14: - | F14: - | I14: 0:エラー無,1:エラー有 | L14: {=IF(B13="", IF($L$6="PRIMARY_KEYS", ",PRIMARY KEY ("&_xlfn.TEXTJOIN(", ", TRUE, $C$8)&")" & CHAR(10) & ");", ");" ), " "&C13&" "&D13& _xlfn.IFS( E13="-", "", OR(D13="TIMESTAMP", D13="SMALLINT"), E13&IF(F13<>"-", ","&F13, ""), TRUE, "("&E13&IF(F13<>"-", ","&F13, "")&")" )& IF(G13<>"", " NOT NULL", "")& IF(H13<>"", ",", IF(B14<>"", ",", "") )& " -- "&B13 )} -> FILE_NAME VARCHAR(255), -- ファイル名
A15: 8 | B15: 備考 | C15: REMARKS | D15: VARCHAR | E15: 255 | F15: - | L15: {=IF(B14="", IF($L$6="PRIMARY_KEYS", ",PRIMARY KEY ("&_xlfn.TEXTJOIN(", ", TRUE, $C$8)&")" & CHAR(10) & ");", ");" ), " "&C14&" "&D14& _xlfn.IFS( E14="-", "", OR(D14="TIMESTAMP", D14="SMALLINT"), E14&IF(F14<>"-", ","&F14, ""), TRUE, "("&E14&IF(F14<>"-", ","&F14, "")&")" )& IF(G14<>"", " NOT NULL", "")& IF(H14<>"", ",", IF(B15<>"", ",", "") )& " -- "&B14 )} -> ERROR_EXISTS_FLAG BOOLEAN, -- エラー有無フラグ
A16: 9 | B16: 削除フラグ | C16: DELETE_FLG | D16: BOOLEAN | E16: - | F16: - | G16: 〇 | I16: デフォルト値は「FALSE」に設定 | L16: {=IF(B15="", IF($L$6="PRIMARY_KEYS", ",PRIMARY KEY ("&_xlfn.TEXTJOIN(", ", TRUE, $C$8)&")" & CHAR(10) & ");", ");" ), " "&C15&" "&D15& _xlfn.IFS( E15="-", "", OR(D15="TIMESTAMP", D15="SMALLINT"), E15&IF(F15<>"-", ","&F15, ""), TRUE, "("&E15&IF(F15<>"-", ","&F15, "")&")" )& IF(G15<>"", " NOT NULL", "")& IF(H15<>"", ",", IF(B16<>"", ",", "") )& " -- "&B15 )} -> REMARKS VARCHAR(255), -- 備考
A17: 10 | B17: 作成者 | C17: CREATED_BY | D17: VARCHAR | E17: 50 | F17: - | L17: {=IF(B16="", IF($L$6="PRIMARY_KEYS", ",PRIMARY KEY ("&_xlfn.TEXTJOIN(", ", TRUE, $C$8)&")" & CHAR(10) & ");", ");" ), " "&C16&" "&D16& _xlfn.IFS( E16="-", "", OR(D16="TIMESTAMP", D16="SMALLINT"), E16&IF(F16<>"-", ","&F16, ""), TRUE, "("&E16&IF(F16<>"-", ","&F16, "")&")" )& IF(G16<>"", " NOT NULL", "")& IF(H16<>"", ",", IF(B17<>"", ",", "") )& " -- "&B16 )} -> DELETE_FLG BOOLEAN NOT NULL, -- 削除フラグ
A18: 11 | B18: 作成日時 | C18: CREATED_AT | D18: TIMESTAMP | E18: - | F18: - | L18: {=IF(B17="", IF($L$6="PRIMARY_KEYS", ",PRIMARY KEY ("&_xlfn.TEXTJOIN(", ", TRUE, $C$8)&")" & CHAR(10) & ");", ");" ), " "&C17&" "&D17& _xlfn.IFS( E17="-", "", OR(D17="TIMESTAMP", D17="SMALLINT"), E17&IF(F17<>"-", ","&F17, ""), TRUE, "("&E17&IF(F17<>"-", ","&F17, "")&")" )& IF(G17<>"", " NOT NULL", "")& IF(H17<>"", ",", IF(B18<>"", ",", "") )& " -- "&B17 )} -> CREATED_BY VARCHAR(50), -- 作成者
A19: 12 | B19: 更新者 | C19: UPDATED_BY | D19: VARCHAR | E19: 50 | F19: - | L19: {=IF(B18="", IF($L$6="PRIMARY_KEYS", ",PRIMARY KEY ("&_xlfn.TEXTJOIN(", ", TRUE, $C$8)&")" & CHAR(10) & ");", ");" ), " "&C18&" "&D18& _xlfn.IFS( E18="-", "", OR(D18="TIMESTAMP", D18="SMALLINT"), E18&IF(F18<>"-", ","&F18, ""), TRUE, "("&E18&IF(F18<>"-", ","&F18, "")&")" )& IF(G18<>"", " NOT NULL", "")& IF(H18<>"", ",", IF(B19<>"", ",", "") )& " -- "&B18 )} -> CREATED_AT TIMESTAMP, -- 作成日時
A20: 13 | B20: 更新日時 | C20: UPDATED_AT | D20: TIMESTAMP | E20: - | F20: - | L20: {=IF(B19="", IF($L$6="PRIMARY_KEYS", ",PRIMARY KEY ("&_xlfn.TEXTJOIN(", ", TRUE, $C$8)&")" & CHAR(10) & ");", ");" ), " "&C19&" "&D19& _xlfn.IFS( E19="-", "", OR(D19="TIMESTAMP", D19="SMALLINT"), E19&IF(F19<>"-", ","&F19, ""), TRUE, "("&E19&IF(F19<>"-", ","&F19, "")&")" )& IF(G19<>"", " NOT NULL", "")& IF(H19<>"", ",", IF(B20<>"", ",", "") )& " -- "&B19 )} -> UPDATED_BY VARCHAR(50), -- 更新者
L21: {=IF(B20="", IF($L$6="PRIMARY_KEYS", ",PRIMARY KEY ("&_xlfn.TEXTJOIN(", ", TRUE, $C$8)&")" & CHAR(10) & ");", ");" ), " "&C20&" "&D20& _xlfn.IFS( E20="-", "", OR(D20="TIMESTAMP", D20="SMALLINT"), E20&IF(F20<>"-", ","&F20, ""), TRUE, "("&E20&IF(F20<>"-", ","&F20, "")&")" )& IF(G20<>"", " NOT NULL", "")& IF(H20<>"", ",", IF(B21<>"", ",", "") )& " -- "&B20 )} -> UPDATED_AT TIMESTAMP -- 更新日時
L22: {=IF(B21="", IF($L$6="PRIMARY_KEYS", ",PRIMARY KEY ("&_xlfn.TEXTJOIN(", ", TRUE, $C$8)&")" & CHAR(10) & ");", ");" ), " "&C21&" "&D21& _xlfn.IFS( E21="-", "", OR(D21="TIMESTAMP", D21="SMALLINT"), E21&IF(F21<>"-", ","&F21, ""), TRUE, "("&E21&IF(F21<>"-", ","&F21, "")&")" )& IF(G21<>"", " NOT NULL", "")& IF(H21<>"", ",", IF(B22<>"", ",", "") )& " -- "&B21 )} -> ,PRIMARY KEY (USER_ID) );
L24: ="COMMENT ON TABLE db_corp." & A5 & " IS '" & A3 & "';" -> COMMENT ON TABLE db_corp.T_OPERATION_HISTORY_INFO IS '操作履歴情報';
L25: ="COMMENT ON COLUMN db_corp." & $A$5&"."&C8&" IS '" &B8&"';" -> COMMENT ON COLUMN db_corp.T_OPERATION_HISTORY_INFO.USER_ID IS 'ユーザーID（FK）';
L26: ="COMMENT ON COLUMN db_corp." & $A$5&"."&C9&" IS '" &B9&"';" -> COMMENT ON COLUMN db_corp.T_OPERATION_HISTORY_INFO.ORG_ID IS '組織ID（FK）';
L27: ="COMMENT ON COLUMN db_corp." & $A$5&"."&C10&" IS '" &B10&"';" -> COMMENT ON COLUMN db_corp.T_OPERATION_HISTORY_INFO.USER_NAME IS 'ユーザー名';
L28: ="COMMENT ON COLUMN db_corp." & $A$5&"."&C11&" IS '" &B11&"';" -> COMMENT ON COLUMN db_corp.T_OPERATION_HISTORY_INFO.FINAL_DATA_ENTRY_DATE IS '最終データ登録日';
L29: ="COMMENT ON COLUMN db_corp." & $A$5&"."&C12&" IS '" &B12&"';" -> COMMENT ON COLUMN db_corp.T_OPERATION_HISTORY_INFO.OPARATION_DETAIL IS '操作内容';
L30: ="COMMENT ON COLUMN db_corp." & $A$5&"."&C13&" IS '" &B13&"';" -> COMMENT ON COLUMN db_corp.T_OPERATION_HISTORY_INFO.FILE_NAME IS 'ファイル名';
L31: ="COMMENT ON COLUMN db_corp." & $A$5&"."&C14&" IS '" &B14&"';" -> COMMENT ON COLUMN db_corp.T_OPERATION_HISTORY_INFO.ERROR_EXISTS_FLAG IS 'エラー有無フラグ';
L32: ="COMMENT ON COLUMN db_corp." & $A$5&"."&C15&" IS '" &B15&"';" -> COMMENT ON COLUMN db_corp.T_OPERATION_HISTORY_INFO.REMARKS IS '備考';
L33: ="COMMENT ON COLUMN db_corp." & $A$5&"."&C16&" IS '" &B16&"';" -> COMMENT ON COLUMN db_corp.T_OPERATION_HISTORY_INFO.DELETE_FLG IS '削除フラグ';
L34: ="COMMENT ON COLUMN db_corp." & $A$5&"."&C17&" IS '" &B17&"';" -> COMMENT ON COLUMN db_corp.T_OPERATION_HISTORY_INFO.CREATED_BY IS '作成者';
L35: ="COMMENT ON COLUMN db_corp." & $A$5&"."&C18&" IS '" &B18&"';" -> COMMENT ON COLUMN db_corp.T_OPERATION_HISTORY_INFO.CREATED_AT IS '作成日時';
L36: ="COMMENT ON COLUMN db_corp." & $A$5&"."&C19&" IS '" &B19&"';" -> COMMENT ON COLUMN db_corp.T_OPERATION_HISTORY_INFO.UPDATED_BY IS '更新者';
L37: ="COMMENT ON COLUMN db_corp." & $A$5&"."&C20&" IS '" &B20&"';" -> COMMENT ON COLUMN db_corp.T_OPERATION_HISTORY_INFO.UPDATED_AT IS '更新日時';

Sheet お知らせ
A2: テーブル名（日本語） | D2: システム名 | I2: 作成者 | J2: 承認者 | K2: 作成日
A3: お知らせ | D3: CN可視化レポート作成アプリ（仮称）
A4: テーブル名（英語） | D4: スキーマ | I4: 更新者 | J4: 承認者 | K4: 更新日
A5: T_ANNOUNCEMENTS | D5: DB_CORP
L6: PRIMARY_KEYS
A7: No | B7: 論理名 | C7: 物理名 | D7: 型 | E7: 長さ | F7: 精度 | G7: 必須 | H7: 主キー（PK） | I7: 備考 | L7: ="drop TABLE IF EXISTS db_corp."&A5&" CASCADE;" -> drop TABLE IF EXISTS db_corp.T_ANNOUNCEMENTS CASCADE;
A8: 1 | B8: お知らせID | C8: ANNOUNCEMENT_ID | D8: SERIAL | E8: - | F8: - | G8: 〇 | H8: 1 | L8: ="CREATE TABLE IF NOT EXISTS db_corp."&A5&" (" -> CREATE TABLE IF NOT EXISTS db_corp.T_ANNOUNCEMENTS (
A9: 2 | B9: タイトル | C9: TITLE | D9: VARCHAR | E9: 20 | F9: - | G9: 〇 | L9: {=IF(B8="", IF($L$6="PRIMARY_KEYS", ",PRIMARY KEY ("&_xlfn.TEXTJOIN(", ", TRUE, $C$8)&")" & CHAR(10) & ");", ");" ), " "&C8&" "&D8& _xlfn.IFS( E8="-", "", OR(D8="TIMESTAMP", D8="SMALLINT"), E8&IF(F8<>"-", ","&F8, ""), TRUE, "("&E8&IF(F8<>"-", ","&F8, "")&")" )& IF(G8<>"", " NOT NULL", "")& IF(H8<>"", ",", IF(B9<>"", ",", "") )& " -- "&B8 )} -> ANNOUNCEMENT_ID SERIAL NOT NULL, -- お知らせID
A10: =A9+1 -> 3 | B10: メッセージ１ | C10: MESSAGE1 | D10: VARCHAR | E10: 200 | F10: - | L10: {=IF(B9="", IF($L$6="PRIMARY_KEYS", ",PRIMARY KEY ("&_xlfn.TEXTJOIN(", ", TRUE, $C$8)&")" & CHAR(10) & ");", ");" ), " "&C9&" "&D9& _xlfn.IFS( E9="-", "", OR(D9="TIMESTAMP", D9="SMALLINT"), E9&IF(F9<>"-", ","&F9, ""), TRUE, "("&E9&IF(F9<>"-", ","&F9, "")&")" )& IF(G9<>"", " NOT NULL", "")& IF(H9<>"", ",", IF(B10<>"", ",", "") )& " -- "&B9 )} -> TITLE VARCHAR(20) NOT NULL, -- タイトル
A11: =A10+1 -> 4 | B11: メッセージ２ | C11: MESSAGE2 | D11: VARCHAR | E11: 200 | F11: - | L11: {=IF(B10="", IF($L$6="PRIMARY_KEYS", ",PRIMARY KEY ("&_xlfn.TEXTJOIN(", ", TRUE, $C$8)&")" & CHAR(10) & ");", ");" ), " "&C10&" "&D10& _xlfn.IFS( E10="-", "", OR(D10="TIMESTAMP", D10="SMALLINT"), E10&IF(F10<>"-", ","&F10, ""), TRUE, "("&E10&IF(F10<>"-", ","&F10, "")&")" )& IF(G10<>"", " NOT NULL", "")& IF(H10<>"", ",", IF(B11<>"", ",", "") )& " -- "&B10 )} -> MESSAGE1 VARCHAR(200), -- メッセージ１
A12: =A11+1 -> 5 | B12: メッセージ３ | C12: MESSAGE3 | D12: VARCHAR | E12: 200 | F12: - | L12: {=IF(B11="", IF($L$6="PRIMARY_KEYS", ",PRIMARY KEY ("&_xlfn.TEXTJOIN(", ", TRUE, $C$8)&")" & CHAR(10) & ");", ");" ), " "&C11&" "&D11& _xlfn.IFS( E11="-", "", OR(D11="TIMESTAMP", D11="SMALLINT"), E11&IF(F11<>"-", ","&F11, ""), TRUE, "("&E11&IF(F11<>"-", ","&F11, "")&")" )& IF(G11<>"", " NOT NULL", "")& IF(H11<>"", ",", IF(B12<>"", ",", "") )& " -- "&B11 )} -> MESSAGE2 VARCHAR(200), -- メッセージ２
A13: =A12+1 -> 6 | B13: 開始日時 | C13: START_DATE | D13: TIMESTAMP | E13: - | F13: - | L13: {=IF(B12="", IF($L$6="PRIMARY_KEYS", ",PRIMARY KEY ("&_xlfn.TEXTJOIN(", ", TRUE, $C$8)&")" & CHAR(10) & ");", ");" ), " "&C12&" "&D12& _xlfn.IFS( E12="-", "", OR(D12="TIMESTAMP", D12="SMALLINT"), E12&IF(F12<>"-", ","&F12, ""), TRUE, "("&E12&IF(F12<>"-", ","&F12, "")&")" )& IF(G12<>"", " NOT NULL", "")& IF(H12<>"", ",", IF(B13<>"", ",", "") )& " -- "&B12 )} -> MESSAGE3 VARCHAR(200), -- メッセージ３
A14: =A13+1 -> 7 | B14: 終了日時 | C14: END_DATE | D14: TIMESTAMP | E14: - | F14: - | L14: {=IF(B13="", IF($L$6="PRIMARY_KEYS", ",PRIMARY KEY ("&_xlfn.TEXTJOIN(", ", TRUE, $C$8)&")" & CHAR(10) & ");", ");" ), " "&C13&" "&D13& _xlfn.IFS( E13="-", "", OR(D13="TIMESTAMP", D13="SMALLINT"), E13&IF(F13<>"-", ","&F13, ""), TRUE, "("&E13&IF(F13<>"-", ","&F13, "")&")" )& IF(G13<>"", " NOT NULL", "")& IF(H13<>"", ",", IF(B14<>"", ",", "") )& " -- "&B13 )} -> START_DATE TIMESTAMP, -- 開始日時
A15: =A14+1 -> 8 | B15: 削除フラグ | C15: DELETE_FLG | D15: BOOLEAN | E15: - | F15: - | G15: 〇 | I15: デフォルト値は「FALSE」に設定 | L15: {=IF(B14="", IF($L$6="PRIMARY_KEYS", ",PRIMARY KEY ("&_xlfn.TEXTJOIN(", ", TRUE, $C$8)&")" & CHAR(10) & ");", ");" ), " "&C14&" "&D14& _xlfn.IFS( E14="-", "", OR(D14="TIMESTAMP", D14="SMALLINT"), E14&IF(F14<>"-", ","&F14, ""), TRUE, "("&E14&IF(F14<>"-", ","&F14, "")&")" )& IF(G14<>"", " NOT NULL", "")& IF(H14<>"", ",", IF(B15<>"", ",", "") )& " -- "&B14 )} -> END_DATE TIMESTAMP, -- 終了日時
A16: =A15+1 -> 9 | B16: 作成者 | C16: CREATED_BY | D16: VARCHAR | E16: 50 | F16: - | L16: {=IF(B15="", IF($L$6="PRIMARY_KEYS", ",PRIMARY KEY ("&_xlfn.TEXTJOIN(", ", TRUE, $C$8)&")" & CHAR(10) & ");", ");" ), " "&C15&" "&D15& _xlfn.IFS( E15="-", "", OR(D15="TIMESTAMP", D15="SMALLINT"), E15&IF(F15<>"-", ","&F15, ""), TRUE, "("&E15&IF(F15<>"-", ","&F15, "")&")" )& IF(G15<>"", " NOT NULL", "")& IF(H15<>"", ",", IF(B16<>"", ",", "") )& " -- "&B15 )} -> DELETE_FLG BOOLEAN NOT NULL, -- 削除フラグ
A17: =A16+1 -> 10 | B17: 作成日時 | C17: CREATED_AT | D17: TIMESTAMP | E17: - | F17: - | L17: {=IF(B16="", IF($L$6="PRIMARY_KEYS", ",PRIMARY KEY ("&_xlfn.TEXTJOIN(", ", TRUE, $C$8)&")" & CHAR(10) & ");", ");" ), " "&C16&" "&D16& _xlfn.IFS( E16="-", "", OR(D16="TIMESTAMP", D16="SMALLINT"), E16&IF(F16<>"-", ","&F16, ""), TRUE, "("&E16&IF(F16<>"-", ","&F16, "")&")" )& IF(G16<>"", " NOT NULL", "")& IF(H16<>"", ",", IF(B17<>"", ",", "") )& " -- "&B16 )} -> CREATED_BY VARCHAR(50), -- 作成者
A18: =A17+1 -> 11 | B18: 更新者 | C18: UPDATED_BY | D18: VARCHAR | E18: 50 | F18: - | L18: {=IF(B17="", IF($L$6="PRIMARY_KEYS", ",PRIMARY KEY ("&_xlfn.TEXTJOIN(", ", TRUE, $C$8)&")" & CHAR(10) & ");", ");" ), " "&C17&" "&D17& _xlfn.IFS( E17="-", "", OR(D17="TIMESTAMP", D17="SMALLINT"), E17&IF(F17<>"-", ","&F17, ""), TRUE, "("&E17&IF(F17<>"-", ","&F17, "")&")" )& IF(G17<>"", " NOT NULL", "")& IF(H17<>"", ",", IF(B18<>"", ",", "") )& " -- "&B17 )} -> CREATED_AT TIMESTAMP, -- 作成日時
A19: =A18+1 -> 12 | B19: 更新日時 | C19: UPDATED_AT | D19: TIMESTAMP | E19: - | F19: - | L19: {=IF(B18="", IF($L$6="PRIMARY_KEYS", ",PRIMARY KEY ("&_xlfn.TEXTJOIN(", ", TRUE, $C$8)&")" & CHAR(10) & ");", ");" ), " "&C18&" "&D18& _xlfn.IFS( E18="-", "", OR(D18="TIMESTAMP", D18="SMALLINT"), E18&IF(F18<>"-", ","&F18, ""), TRUE, "("&E18&IF(F18<>"-", ","&F18, "")&")" )& IF(G18<>"", " NOT NULL", "")& IF(H18<>"", ",", IF(B19<>"", ",", "") )& " -- "&B18 )} -> UPDATED_BY VARCHAR(50), -- 更新者
L20: {=IF(B19="", IF($L$6="PRIMARY_KEYS", ",PRIMARY KEY ("&_xlfn.TEXTJOIN(", ", TRUE, $C$8)&")" & CHAR(10) & ");", ");" ), " "&C19&" "&D19& _xlfn.IFS( E19="-", "", OR(D19="TIMESTAMP", D19="SMALLINT"), E19&IF(F19<>"-", ","&F19, ""), TRUE, "("&E19&IF(F19<>"-", ","&F19, "")&")" )& IF(G19<>"", " NOT NULL", "")& IF(H19<>"", ",", IF(B20<>"", ",", "") )& " -- "&B19 )} -> UPDATED_AT TIMESTAMP -- 更新日時
L21: {=IF(B20="", IF($L$6="PRIMARY_KEYS", ",PRIMARY KEY ("&_xlfn.TEXTJOIN(", ", TRUE, $C$8)&")" & CHAR(10) & ");", ");" ), " "&C20&" "&D20& _xlfn.IFS( E20="-", "", OR(D20="TIMESTAMP", D20="SMALLINT"), E20&IF(F20<>"-", ","&F20, ""), TRUE, "("&E20&IF(F20<>"-", ","&F20, "")&")" )& IF(G20<>"", " NOT NULL", "")& IF(H20<>"", ",", IF(B21<>"", ",", "") )& " -- "&B20 )} -> ,PRIMARY KEY (ANNOUNCEMENT_ID) );
L23: ="COMMENT ON TABLE db_corp." & A5 & " IS '" & A3 & "';" -> COMMENT ON TABLE db_corp.T_ANNOUNCEMENTS IS 'お知らせ';
L24: ="COMMENT ON COLUMN db_corp." & $A$5&"."&C8&" IS '" &B8&"';" -> COMMENT ON COLUMN db_corp.T_ANNOUNCEMENTS.ANNOUNCEMENT_ID IS 'お知らせID';
L25: ="COMMENT ON COLUMN db_corp." & $A$5&"."&C9&" IS '" &B9&"';" -> COMMENT ON COLUMN db_corp.T_ANNOUNCEMENTS.TITLE IS 'タイトル';
L26: ="COMMENT ON COLUMN db_corp." & $A$5&"."&C10&" IS '" &B10&"';" -> COMMENT ON COLUMN db_corp.T_ANNOUNCEMENTS.MESSAGE1 IS 'メッセージ１';
L27: ="COMMENT ON COLUMN db_corp." & $A$5&"."&C11&" IS '" &B11&"';" -> COMMENT ON COLUMN db_corp.T_ANNOUNCEMENTS.MESSAGE2 IS 'メッセージ２';
L28: ="COMMENT ON COLUMN db_corp." & $A$5&"."&C12&" IS '" &B12&"';" -> COMMENT ON COLUMN db_corp.T_ANNOUNCEMENTS.MESSAGE3 IS 'メッセージ３';
L29: ="COMMENT ON COLUMN db_corp." & $A$5&"."&C13&" IS '" &B13&"';" -> COMMENT ON COLUMN db_corp.T_ANNOUNCEMENTS.START_DATE IS '開始日時';
L30: ="COMMENT ON COLUMN db_corp." & $A$5&"."&C14&" IS '" &B14&"';" -> COMMENT ON COLUMN db_corp.T_ANNOUNCEMENTS.END_DATE IS '終了日時';
L31: ="COMMENT ON COLUMN db_corp." & $A$5&"."&C15&" IS '" &B15&"';" -> COMMENT ON COLUMN db_corp.T_ANNOUNCEMENTS.DELETE_FLG IS '削除フラグ';
L32: ="COMMENT ON COLUMN db_corp." & $A$5&"."&C16&" IS '" &B16&"';" -> COMMENT ON COLUMN db_corp.T_ANNOUNCEMENTS.CREATED_BY IS '作成者';
L33: ="COMMENT ON COLUMN db_corp." & $A$5&"."&C17&" IS '" &B17&"';" -> COMMENT ON COLUMN db_corp.T_ANNOUNCEMENTS.CREATED_AT IS '作成日時';
L34: ="COMMENT ON COLUMN db_corp." & $A$5&"."&C18&" IS '" &B18&"';" -> COMMENT ON COLUMN db_corp.T_ANNOUNCEMENTS.UPDATED_BY IS '更新者';
L35: ="COMMENT ON COLUMN db_corp." & $A$5&"."&C19&" IS '" &B19&"';" -> COMMENT ON COLUMN db_corp.T_ANNOUNCEMENTS.UPDATED_AT IS '更新日時';

Sheet 30分値の生データ情報
A2: テーブル名（日本語） | D2: システム名 | I2: 作成者 | J2: 承認者 | K2: 作成日
A3: 30分値の生データ情報 | D3: CN可視化レポート作成アプリ（仮称）
A4: テーブル名（英語） | D4: スキーマ | I4: 更新者 | J4: 承認者 | K4: 更新日
A5: T_ELECTRICITY_DATA_30MIN | D5: DB_CORP
L6: PRIMARY_KEYS
A7: No | B7: 論理名 | C7: 物理名 | D7: 型 | E7: 長さ | F7: 精度 | G7: 必須 | H7: 主キー（PK） | I7: 備考 | L7: ="drop TABLE IF EXISTS db_corp."&A5&" CASCADE;" -> drop TABLE IF EXISTS db_corp.T_ELECTRICITY_DATA_30MIN CASCADE;
A8: 1 | B8: 法人番号（FK） | C8: CORP_NUMBER | D8: VARCHAR | E8: 13 | F8: - | G8: 〇 | H8: 1 | L8: ="CREATE TABLE IF NOT EXISTS db_corp."&A5&" (" -> CREATE TABLE IF NOT EXISTS db_corp.T_ELECTRICITY_DATA_30MIN (
A9: 2 | B9: 同意書取得区分 | C9: AGREEMENT_CATEGORY | D9: VARCHAR | E9: 2 | F9: - | G9: 〇 | H9: 2 | L9: {=IF(B8="", IF($L$6="PRIMARY_KEYS", ",PRIMARY KEY ("&_xlfn.TEXTJOIN(", ", TRUE, $C$8)&")" & CHAR(10) & ");", ");" ), " "&C8&" "&D8& _xlfn.IFS( E8="-", "", OR(D8="TIMESTAMP", D8="SMALLINT"), E8&IF(F8<>"-", ","&F8, ""), TRUE, "("&E8&IF(F8<>"-", ","&F8, "")&")" )& IF(G8<>"", " NOT NULL", "")& IF(H8<>"", ",", IF(B9<>"", ",", "") )& " -- "&B8 )} -> CORP_NUMBER VARCHAR(13) NOT NULL, -- 法人番号（FK）
A10: 3 | B10: 組織ID（FK） | C10: ORG_ID | D10: VARCHAR | E10: 20 | F10: - | G10: 〇 | H10: 3 | L10: {=IF(B9="", IF($L$6="PRIMARY_KEYS", ",PRIMARY KEY ("&_xlfn.TEXTJOIN(", ", TRUE, $C$8)&")" & CHAR(10) & ");", ");" ), " "&C9&" "&D9& _xlfn.IFS( E9="-", "", OR(D9="TIMESTAMP", D9="SMALLINT"), E9&IF(F9<>"-", ","&F9, ""), TRUE, "("&E9&IF(F9<>"-", ","&F9, "")&")" )& IF(G9<>"", " NOT NULL", "")& IF(H9<>"", ",", IF(B10<>"", ",", "") )& " -- "&B9 )} -> AGREEMENT_CATEGORY VARCHAR(2) NOT NULL, -- 同意書取得区分
A11: 4 | B11: 拠点ID（FK） | C11: BUILDING_ID | D11: VARCHAR | E11: 113 | F11: - | G11: 〇 | H11: 4 | L11: {=IF(B10="", IF($L$6="PRIMARY_KEYS", ",PRIMARY KEY ("&_xlfn.TEXTJOIN(", ", TRUE, $C$8)&")" & CHAR(10) & ");", ");" ), " "&C10&" "&D10& _xlfn.IFS( E10="-", "", OR(D10="TIMESTAMP", D10="SMALLINT"), E10&IF(F10<>"-", ","&F10, ""), TRUE, "("&E10&IF(F10<>"-", ","&F10, "")&")" )& IF(G10<>"", " NOT NULL", "")& IF(H10<>"", ",", IF(B11<>"", ",", "") )& " -- "&B10 )} -> ORG_ID VARCHAR(20) NOT NULL, -- 組織ID（FK）
A12: 5 | B12: お客さま名 | C12: CORP_NAME | D12: VARCHAR | E12: 100 | F12: - | L12: {=IF(B11="", IF($L$6="PRIMARY_KEYS", ",PRIMARY KEY ("&_xlfn.TEXTJOIN(", ", TRUE, $C$8)&")" & CHAR(10) & ");", ");" ), " "&C11&" "&D11& _xlfn.IFS( E11="-", "", OR(D11="TIMESTAMP", D11="SMALLINT"), E11&IF(F11<>"-", ","&F11, ""), TRUE, "("&E11&IF(F11<>"-", ","&F11, "")&")" )& IF(G11<>"", " NOT NULL", "")& IF(H11<>"", ",", IF(B12<>"", ",", "") )& " -- "&B11 )} -> BUILDING_ID VARCHAR(113) NOT NULL, -- 拠点ID（FK）
A13: 6 | B13: 建物名 | C13: BUILDING_NAME | D13: VARCHAR | E13: 100 | F13: - | L13: {=IF(B12="", IF($L$6="PRIMARY_KEYS", ",PRIMARY KEY ("&_xlfn.TEXTJOIN(", ", TRUE, $C$8)&")" & CHAR(10) & ");", ");" ), " "&C12&" "&D12& _xlfn.IFS( E12="-", "", OR(D12="TIMESTAMP", D12="SMALLINT"), E12&IF(F12<>"-", ","&F12, ""), TRUE, "("&E12&IF(F12<>"-", ","&F12, "")&")" )& IF(G12<>"", " NOT NULL", "")& IF(H12<>"", ",", IF(B13<>"", ",", "") )& " -- "&B12 )} -> CORP_NAME VARCHAR(100), -- お客さま名
A14: 7 | B14: EPお客さま番号 | C14: EP_CUSTOMER_NUMBER | D14: VARCHAR | E14: 16 | F14: - | L14: {=IF(B13="", IF($L$6="PRIMARY_KEYS", ",PRIMARY KEY ("&_xlfn.TEXTJOIN(", ", TRUE, $C$8)&")" & CHAR(10) & ");", ");" ), " "&C13&" "&D13& _xlfn.IFS( E13="-", "", OR(D13="TIMESTAMP", D13="SMALLINT"), E13&IF(F13<>"-", ","&F13, ""), TRUE, "("&E13&IF(F13<>"-", ","&F13, "")&")" )& IF(G13<>"", " NOT NULL", "")& IF(H13<>"", ",", IF(B14<>"", ",", "") )& " -- "&B13 )} -> BUILDING_NAME VARCHAR(100), -- 建物名
A15: 8 | B15: 供給地点特定番号(FK) | C15: SUPPLY_POINT_NUMBER | D15: VARCHAR | E15: 27 | F15: - | G15: 〇 | H15: 6 | L15: {=IF(B14="", IF($L$6="PRIMARY_KEYS", ",PRIMARY KEY ("&_xlfn.TEXTJOIN(", ", TRUE, $C$8)&")" & CHAR(10) & ");", ");" ), " "&C14&" "&D14& _xlfn.IFS( E14="-", "", OR(D14="TIMESTAMP", D14="SMALLINT"), E14&IF(F14<>"-", ","&F14, ""), TRUE, "("&E14&IF(F14<>"-", ","&F14, "")&")" )& IF(G14<>"", " NOT NULL", "")& IF(H14<>"", ",", IF(B15<>"", ",", "") )& " -- "&B14 )} -> EP_CUSTOMER_NUMBER VARCHAR(16), -- EPお客さま番号
A16: 9 | B16: 企業ID | C16: COMPANY_ID | D16: VARCHAR | E16: 14 | F16: - | L16: {=IF(B15="", IF($L$6="PRIMARY_KEYS", ",PRIMARY KEY ("&_xlfn.TEXTJOIN(", ", TRUE, $C$8)&")" & CHAR(10) & ");", ");" ), " "&C15&" "&D15& _xlfn.IFS( E15="-", "", OR(D15="TIMESTAMP", D15="SMALLINT"), E15&IF(F15<>"-", ","&F15, ""), TRUE, "("&E15&IF(F15<>"-", ","&F15, "")&")" )& IF(G15<>"", " NOT NULL", "")& IF(H15<>"", ",", IF(B16<>"", ",", "") )& " -- "&B15 )} -> SUPPLY_POINT_NUMBER VARCHAR(27) NOT NULL, -- 供給地点特定番号(FK)
A17: 10 | B17: 欠測時間帯_件数 | C17: MISSING_TIME_RANGE_COUNT | D17: INTEGER | E17: - | F17: - | L17: {=IF(B16="", IF($L$6="PRIMARY_KEYS", ",PRIMARY KEY ("&_xlfn.TEXTJOIN(", ", TRUE, $C$8)&")" & CHAR(10) & ");", ");" ), " "&C16&" "&D16& _xlfn.IFS( E16="-", "", OR(D16="TIMESTAMP", D16="SMALLINT"), E16&IF(F16<>"-", ","&F16, ""), TRUE, "("&E16&IF(F16<>"-", ","&F16, "")&")" )& IF(G16<>"", " NOT NULL", "")& IF(H16<>"", ",", IF(B17<>"", ",", "") )& " -- "&B16 )} -> COMPANY_ID VARCHAR(14), -- 企業ID
A18: 11 | B18: 不正値時間帯_件数 | C18: INVALID_TIME_RANGE_COUNT | D18: INTEGER | E18: - | F18: - | L18: {=IF(B17="", IF($L$6="PRIMARY_KEYS", ",PRIMARY KEY ("&_xlfn.TEXTJOIN(", ", TRUE, $C$8)&")" & CHAR(10) & ");", ");" ), " "&C17&" "&D17& _xlfn.IFS( E17="-", "", OR(D17="TIMESTAMP", D17="SMALLINT"), E17&IF(F17<>"-", ","&F17, ""), TRUE, "("&E17&IF(F17<>"-", ","&F17, "")&")" )& IF(G17<>"", " NOT NULL", "")& IF(H17<>"", ",", IF(B18<>"", ",", "") )& " -- "&B17 )} -> MISSING_TIME_RANGE_COUNT INTEGER, -- 欠測時間帯_件数
A19: 12 | B19: 取得_年月日 | C19: ACQUISITION_DATE | D19: VARCHAR | E19: 8 | F19: - | G19: 〇 | H19: 5 | L19: {=IF(B18="", IF($L$6="PRIMARY_KEYS", ",PRIMARY KEY ("&_xlfn.TEXTJOIN(", ", TRUE, $C$8)&")" & CHAR(10) & ");", ");" ), " "&C18&" "&D18& _xlfn.IFS( E18="-", "", OR(D18="TIMESTAMP", D18="SMALLINT"), E18&IF(F18<>"-", ","&F18, ""), TRUE, "("&E18&IF(F18<>"-", ","&F18, "")&")" )& IF(G18<>"", " NOT NULL", "")& IF(H18<>"", ",", IF(B19<>"", ",", "") )& " -- "&B18 )} -> INVALID_TIME_RANGE_COUNT INTEGER, -- 不正値時間帯_件数
A20: 13 | B20: V30分_使用_電力量_1 | C20: V30MIN_USED_ENERGY_1 | D20: NUMERIC | E20: 25 | F20: 10 | L20: {=IF(B19="", IF($L$6="PRIMARY_KEYS", ",PRIMARY KEY ("&_xlfn.TEXTJOIN(", ", TRUE, $C$8)&")" & CHAR(10) & ");", ");" ), " "&C19&" "&D19& _xlfn.IFS( E19="-", "", OR(D19="TIMESTAMP", D19="SMALLINT"), E19&IF(F19<>"-", ","&F19, ""), TRUE, "("&E19&IF(F19<>"-", ","&F19, "")&")" )& IF(G19<>"", " NOT NULL", "")& IF(H19<>"", ",", IF(B20<>"", ",", "") )& " -- "&B19 )} -> ACQUISITION_DATE VARCHAR(8) NOT NULL, -- 取得_年月日
A21: 14 | B21: V30分_使用_電力量_2 | C21: V30MIN_USED_ENERGY_2 | D21: NUMERIC | E21: 25 | F21: 10 | L21: {=IF(B20="", IF($L$6="PRIMARY_KEYS", ",PRIMARY KEY ("&_xlfn.TEXTJOIN(", ", TRUE, $C$8)&")" & CHAR(10) & ");", ");" ), " "&C20&" "&D20& _xlfn.IFS( E20="-", "", OR(D20="TIMESTAMP", D20="SMALLINT"), E20&IF(F20<>"-", ","&F20, ""), TRUE, "("&E20&IF(F20<>"-", ","&F20, "")&")" )& IF(G20<>"", " NOT NULL", "")& IF(H20<>"", ",", IF(B21<>"", ",", "") )& " -- "&B20 )} -> V30MIN_USED_ENERGY_1 NUMERIC(25,10), -- V30分_使用_電力量_1
A22: 15 | B22: V30分_使用_電力量_3 | C22: V30MIN_USED_ENERGY_3 | D22: NUMERIC | E22: 25 | F22: 10 | L22: {=IF(B21="", IF($L$6="PRIMARY_KEYS", ",PRIMARY KEY ("&_xlfn.TEXTJOIN(", ", TRUE, $C$8)&")" & CHAR(10) & ");", ");" ), " "&C21&" "&D21& _xlfn.IFS( E21="-", "", OR(D21="TIMESTAMP", D21="SMALLINT"), E21&IF(F21<>"-", ","&F21, ""), TRUE, "("&E21&IF(F21<>"-", ","&F21, "")&")" )& IF(G21<>"", " NOT NULL", "")& IF(H21<>"", ",", IF(B22<>"", ",", "") )& " -- "&B21 )} -> V30MIN_USED_ENERGY_2 NUMERIC(25,10), -- V30分_使用_電力量_2
A23: 16 | B23: V30分_使用_電力量_4 | C23: V30MIN_USED_ENERGY_4 | D23: NUMERIC | E23: 25 | F23: 10 | L23: {=IF(B22="", IF($L$6="PRIMARY_KEYS", ",PRIMARY KEY ("&_xlfn.TEXTJOIN(", ", TRUE, $C$8)&")" & CHAR(10) & ");", ");" ), " "&C22&" "&D22& _xlfn.IFS( E22="-", "", OR(D22="TIMESTAMP", D22="SMALLINT"), E22&IF(F22<>"-", ","&F22, ""), TRUE, "("&E22&IF(F22<>"-", ","&F22, "")&")" )& IF(G22<>"", " NOT NULL", "")& IF(H22<>"", ",", IF(B23<>"", ",", "") )& " -- "&B22 )} -> V30MIN_USED_ENERGY_3 NUMERIC(25,10), -- V30分_使用_電力量_3
A24: 17 | B24: V30分_使用_電力量_5 | C24: V30MIN_USED_ENERGY_5 | D24: NUMERIC | E24: 25 | F24: 10 | L24: {=IF(B23="", IF($L$6="PRIMARY_KEYS", ",PRIMARY KEY ("&_xlfn.TEXTJOIN(", ", TRUE, $C$8)&")" & CHAR(10) & ");", ");" ), " "&C23&" "&D23& _xlfn.IFS( E23="-", "", OR(D23="TIMESTAMP", D23="SMALLINT"), E23&IF(F23<>"-", ","&F23, ""), TRUE, "("&E23&IF(F23<>"-", ","&F23, "")&")" )& IF(G23<>"", " NOT NULL", "")& IF(H23<>"", ",", IF(B24<>"", ",", "") )& " -- "&B23 )} -> V30MIN_USED_ENERGY_4 NUMERIC(25,10), -- V30分_使用_電力量_4
A25: 18 | B25: V30分_使用_電力量_6 | C25: V30MIN_USED_ENERGY_6 | D25: NUMERIC | E25: 25 | F25: 10 | L25: {=IF(B24="", IF($L$6="PRIMARY_KEYS", ",PRIMARY KEY ("&_xlfn.TEXTJOIN(", ", TRUE, $C$8)&")" & CHAR(10) & ");", ");" ), " "&C24&" "&D24& _xlfn.IFS( E24="-", "", OR(D24="TIMESTAMP", D24="SMALLINT"), E24&IF(F24<>"-", ","&F24, ""), TRUE, "("&E24&IF(F24<>"-", ","&F24, "")&")" )& IF(G24<>"", " NOT NULL", "")& IF(H24<>"", ",", IF(B25<>"", ",", "") )& " -- "&B24 )} -> V30MIN_USED_ENERGY_5 NUMERIC(25,10), -- V30分_使用_電力量_5
